init_time,target_time,observed_nino34,prediction_nino34,error,lead_months,task,model_type,run_dir,prediction_file,persistence_nino34,persistence_error,init_month,target_month,init_season,target_season
2015-01-01,2015-04-01,0.7,0.55140704,-0.14859295,3,regression,lstm_tuned_wide,/work/ext/st12/shap-enso/data/tuned_wide/lstm/lead03_regression,/work/ext/st12/shap-enso/data/tuned_wide/lstm/lead03_regression/predictions/lstm_lead03_regression_test_predictions.csv,0.51,-0.18999999999999995,1,4,DJF,MAM
2015-02-01,2015-05-01,0.92,0.73920864,-0.18079138,3,regression,lstm_tuned_wide,/work/ext/st12/shap-enso/data/tuned_wide/lstm/lead03_regression,/work/ext/st12/shap-enso/data/tuned_wide/lstm/lead03_regression/predictions/lstm_lead03_regression_test_predictions.csv,0.42,-0.5,2,5,DJF,MAM
2015-03-01,2015-06-01,1.18,0.93792117,-0.24207878,3,regression,lstm_tuned_wide,/work/ext/st12/shap-enso/data/tuned_wide/lstm/lead03_regression,/work/ext/st12/shap-enso/data/tuned_wide/lstm/lead03_regression/predictions/lstm_lead03_regression_test_predictions.csv,0.47,-0.71,3,6,MAM,JJA
2015-04-01,2015-07-01,1.46,1.0668303,-0.39316976,3,regression,lstm_tuned_wide,/work/ext/st12/shap-enso/data/tuned_wide/lstm/lead03_regression,/work/ext/st12/shap-enso/data/tuned_wide/lstm/lead03_regression/predictions/lstm_lead03_regression_test_predictions.csv,0.7,-0.76,4,7,MAM,JJA
2015-05-01,2015-08-01,1.93,1.10569,-0.82430995,3,regression,lstm_tuned_wide,/work/ext/st12/shap-enso/data/tuned_wide/lstm/lead03_regression,/work/ext/st12/shap-enso/data/tuned_wide/lstm/lead03_regression/predictions/lstm_lead03_regression_test_predictions.csv,0.92,-1.0099999999999998,5,8,MAM,JJA
2015-06-01,2015-09-01,2.21,1.014889,-1.195111,3,regression,lstm_tuned_wide,/work/ext/st12/shap-enso/data/tuned_wide/lstm/lead03_regression,/work/ext/st12/shap-enso/data/tuned_wide/lstm/lead03_regression/predictions/lstm_lead03_regression_test_predictions.csv,1.18,-1.03,6,9,JJA,SON
2015-07-01,2015-10-01,2.36,1.4398366,-0.9201633,3,regression,lstm_tuned_wide,/work/ext/st12/shap-enso/data/tuned_wide/lstm/lead03_regression,/work/ext/st12/shap-enso/data/tuned_wide/lstm/lead03_regression/predictions/lstm_lead03_regression_test_predictions.csv,1.46,-0.8999999999999999,7,10,JJA,SON
2015-08-01,2015-11-01,2.72,1.6232891,-1.0967109,3,regression,lstm_tuned_wide,/work/ext/st12/shap-enso/data/tuned_wide/lstm/lead03_regression,/work/ext/st12/shap-enso/data/tuned_wide/lstm/lead03_regression/predictions/lstm_lead03_regression_test_predictions.csv,1.93,-0.7900000000000003,8,11,JJA,SON
2015-09-01,2015-12-01,2.66,1.6188995,-1.0411006,3,regression,lstm_tuned_wide,/work/ext/st12/shap-enso/data/tuned_wide/lstm/lead03_regression,/work/ext/st12/shap-enso/data/tuned_wide/lstm/lead03_regression/predictions/lstm_lead03_regression_test_predictions.csv,2.21,-0.4500000000000002,9,12,SON,DJF
2015-10-01,2016-01-01,2.57,1.6394285,-0.93057144,3,regression,lstm_tuned_wide,/work/ext/st12/shap-enso/data/tuned_wide/lstm/lead03_regression,/work/ext/st12/shap-enso/data/tuned_wide/lstm/lead03_regression/predictions/lstm_lead03_regression_test_predictions.csv,2.36,-0.20999999999999996,10,1,SON,DJF
2015-11-01,2016-02-01,2.26,1.4963897,-0.76361024,3,regression,lstm_tuned_wide,/work/ext/st12/shap-enso/data/tuned_wide/lstm/lead03_regression,/work/ext/st12/shap-enso/data/tuned_wide/lstm/lead03_regression/predictions/lstm_lead03_regression_test_predictions.csv,2.72,0.4600000000000004,11,2,SON,DJF
2015-12-01,2016-03-01,1.62,1.2202919,-0.39970815,3,regression,lstm_tuned_wide,/work/ext/st12/shap-enso/data/tuned_wide/lstm/lead03_regression,/work/ext/st12/shap-enso/data/tuned_wide/lstm/lead03_regression/predictions/lstm_lead03_regression_test_predictions.csv,2.66,1.04,12,3,DJF,MAM
2016-01-01,2016-04-01,0.91,0.9820565,0.07205647,3,regression,lstm_tuned_wide,/work/ext/st12/shap-enso/data/tuned_wide/lstm/lead03_regression,/work/ext/st12/shap-enso/data/tuned_wide/lstm/lead03_regression/predictions/lstm_lead03_regression_test_predictions.csv,2.57,1.6599999999999997,1,4,DJF,MAM
2016-02-01,2016-05-01,0.3,0.096049815,-0.2039502,3,regression,lstm_tuned_wide,/work/ext/st12/shap-enso/data/tuned_wide/lstm/lead03_regression,/work/ext/st12/shap-enso/data/tuned_wide/lstm/lead03_regression/predictions/lstm_lead03_regression_test_predictions.csv,2.26,1.9599999999999997,2,5,DJF,MAM
2016-03-01,2016-06-01,-0.03,-0.2009533,-0.1709533,3,regression,lstm_tuned_wide,/work/ext/st12/shap-enso/data/tuned_wide/lstm/lead03_regression,/work/ext/st12/shap-enso/data/tuned_wide/lstm/lead03_regression/predictions/lstm_lead03_regression_test_predictions.csv,1.62,1.6500000000000001,3,6,MAM,JJA
2016-04-01,2016-07-01,-0.48,-0.7429203,-0.2629203,3,regression,lstm_tuned_wide,/work/ext/st12/shap-enso/data/tuned_wide/lstm/lead03_regression,/work/ext/st12/shap-enso/data/tuned_wide/lstm/lead03_regression/predictions/lstm_lead03_regression_test_predictions.csv,0.91,1.3900000000000001,4,7,MAM,JJA
2016-05-01,2016-08-01,-0.58,-0.99747753,-0.41747755,3,regression,lstm_tuned_wide,/work/ext/st12/shap-enso/data/tuned_wide/lstm/lead03_regression,/work/ext/st12/shap-enso/data/tuned_wide/lstm/lead03_regression/predictions/lstm_lead03_regression_test_predictions.csv,0.3,0.8799999999999999,5,8,MAM,JJA
2016-06-01,2016-09-01,-0.58,-0.8292961,-0.24929613,3,regression,lstm_tuned_wide,/work/ext/st12/shap-enso/data/tuned_wide/lstm/lead03_regression,/work/ext/st12/shap-enso/data/tuned_wide/lstm/lead03_regression/predictions/lstm_lead03_regression_test_predictions.csv,-0.03,0.5499999999999999,6,9,JJA,SON
2016-07-01,2016-10-01,-0.74,-0.73052794,0.009472072,3,regression,lstm_tuned_wide,/work/ext/st12/shap-enso/data/tuned_wide/lstm/lead03_regression,/work/ext/st12/shap-enso/data/tuned_wide/lstm/lead03_regression/predictions/lstm_lead03_regression_test_predictions.csv,-0.48,0.26,7,10,JJA,SON
2016-08-01,2016-11-01,-0.76,-0.6851748,0.07482517,3,regression,lstm_tuned_wide,/work/ext/st12/shap-enso/data/tuned_wide/lstm/lead03_regression,/work/ext/st12/shap-enso/data/tuned_wide/lstm/lead03_regression/predictions/lstm_lead03_regression_test_predictions.csv,-0.58,0.18000000000000005,8,11,JJA,SON
2016-09-01,2016-12-01,-0.5,-0.65022,-0.15021998,3,regression,lstm_tuned_wide,/work/ext/st12/shap-enso/data/tuned_wide/lstm/lead03_regression,/work/ext/st12/shap-enso/data/tuned_wide/lstm/lead03_regression/predictions/lstm_lead03_regression_test_predictions.csv,-0.58,-0.07999999999999996,9,12,SON,DJF
2016-10-01,2017-01-01,-0.43,-0.6220896,-0.19208962,3,regression,lstm_tuned_wide,/work/ext/st12/shap-enso/data/tuned_wide/lstm/lead03_regression,/work/ext/st12/shap-enso/data/tuned_wide/lstm/lead03_regression/predictions/lstm_lead03_regression_test_predictions.csv,-0.74,-0.31,10,1,SON,DJF
2016-11-01,2017-02-01,-0.08,-0.47894654,-0.39894652,3,regression,lstm_tuned_wide,/work/ext/st12/shap-enso/data/tuned_wide/lstm/lead03_regression,/work/ext/st12/shap-enso/data/tuned_wide/lstm/lead03_regression/predictions/lstm_lead03_regression_test_predictions.csv,-0.76,-0.68,11,2,SON,DJF
2016-12-01,2017-03-01,0.03,-0.25728658,-0.28728658,3,regression,lstm_tuned_wide,/work/ext/st12/shap-enso/data/tuned_wide/lstm/lead03_regression,/work/ext/st12/shap-enso/data/tuned_wide/lstm/lead03_regression/predictions/lstm_lead03_regression_test_predictions.csv,-0.5,-0.53,12,3,DJF,MAM
2017-01-01,2017-04-01,0.22,0.06266326,-0.15733674,3,regression,lstm_tuned_wide,/work/ext/st12/shap-enso/data/tuned_wide/lstm/lead03_regression,/work/ext/st12/shap-enso/data/tuned_wide/lstm/lead03_regression/predictions/lstm_lead03_regression_test_predictions.csv,-0.43,-0.65,1,4,DJF,MAM
2017-02-01,2017-05-01,0.37,0.3487705,-0.021229506,3,regression,lstm_tuned_wide,/work/ext/st12/shap-enso/data/tuned_wide/lstm/lead03_regression,/work/ext/st12/shap-enso/data/tuned_wide/lstm/lead03_regression/predictions/lstm_lead03_regression_test_predictions.csv,-0.08,-0.45,2,5,DJF,MAM
2017-03-01,2017-06-01,0.34,0.21856986,-0.12143014,3,regression,lstm_tuned_wide,/work/ext/st12/shap-enso/data/tuned_wide/lstm/lead03_regression,/work/ext/st12/shap-enso/data/tuned_wide/lstm/lead03_regression/predictions/lstm_lead03_regression_test_predictions.csv,0.03,-0.31000000000000005,3,6,MAM,JJA
2017-04-01,2017-07-01,0.25,0.34350422,0.09350422,3,regression,lstm_tuned_wide,/work/ext/st12/shap-enso/data/tuned_wide/lstm/lead03_regression,/work/ext/st12/shap-enso/data/tuned_wide/lstm/lead03_regression/predictions/lstm_lead03_regression_test_predictions.csv,0.22,-0.03,4,7,MAM,JJA
2017-05-01,2017-08-01,-0.16,0.22551869,0.38551867,3,regression,lstm_tuned_wide,/work/ext/st12/shap-enso/data/tuned_wide/lstm/lead03_regression,/work/ext/st12/shap-enso/data/tuned_wide/lstm/lead03_regression/predictions/lstm_lead03_regression_test_predictions.csv,0.37,0.53,5,8,MAM,JJA
2017-06-01,2017-09-01,-0.43,0.16736065,0.5973607,3,regression,lstm_tuned_wide,/work/ext/st12/shap-enso/data/tuned_wide/lstm/lead03_regression,/work/ext/st12/shap-enso/data/tuned_wide/lstm/lead03_regression/predictions/lstm_lead03_regression_test_predictions.csv,0.34,0.77,6,9,JJA,SON
2017-07-01,2017-10-01,-0.56,-0.14997226,0.41002774,3,regression,lstm_tuned_wide,/work/ext/st12/shap-enso/data/tuned_wide/lstm/lead03_regression,/work/ext/st12/shap-enso/data/tuned_wide/lstm/lead03_regression/predictions/lstm_lead03_regression_test_predictions.csv,0.25,0.81,7,10,JJA,SON
2017-08-01,2017-11-01,-0.97,-0.47384533,0.4961547,3,regression,lstm_tuned_wide,/work/ext/st12/shap-enso/data/tuned_wide/lstm/lead03_regression,/work/ext/st12/shap-enso/data/tuned_wide/lstm/lead03_regression/predictions/lstm_lead03_regression_test_predictions.csv,-0.16,0.8099999999999999,8,11,JJA,SON
2017-09-01,2017-12-01,-0.98,-0.8236564,0.15634364,3,regression,lstm_tuned_wide,/work/ext/st12/shap-enso/data/tuned_wide/lstm/lead03_regression,/work/ext/st12/shap-enso/data/tuned_wide/lstm/lead03_regression/predictions/lstm_lead03_regression_test_predictions.csv,-0.43,0.55,9,12,SON,DJF
2017-10-01,2018-01-01,-0.98,-0.73976123,0.24023879,3,regression,lstm_tuned_wide,/work/ext/st12/shap-enso/data/tuned_wide/lstm/lead03_regression,/work/ext/st12/shap-enso/data/tuned_wide/lstm/lead03_regression/predictions/lstm_lead03_regression_test_predictions.csv,-0.56,0.41999999999999993,10,1,SON,DJF
2017-11-01,2018-02-01,-0.78,-0.84183514,-0.06183517,3,regression,lstm_tuned_wide,/work/ext/st12/shap-enso/data/tuned_wide/lstm/lead03_regression,/work/ext/st12/shap-enso/data/tuned_wide/lstm/lead03_regression/predictions/lstm_lead03_regression_test_predictions.csv,-0.97,-0.18999999999999995,11,2,SON,DJF
2017-12-01,2018-03-01,-0.8,-0.6236554,0.17634463,3,regression,lstm_tuned_wide,/work/ext/st12/shap-enso/data/tuned_wide/lstm/lead03_regression,/work/ext/st12/shap-enso/data/tuned_wide/lstm/lead03_regression/predictions/lstm_lead03_regression_test_predictions.csv,-0.98,-0.17999999999999994,12,3,DJF,MAM
2018-01-01,2018-04-01,-0.51,-0.54326946,-0.033269465,3,regression,lstm_tuned_wide,/work/ext/st12/shap-enso/data/tuned_wide/lstm/lead03_regression,/work/ext/st12/shap-enso/data/tuned_wide/lstm/lead03_regression/predictions/lstm_lead03_regression_test_predictions.csv,-0.98,-0.47,1,4,DJF,MAM
2018-02-01,2018-05-01,-0.2,-0.036449976,0.16355002,3,regression,lstm_tuned_wide,/work/ext/st12/shap-enso/data/tuned_wide/lstm/lead03_regression,/work/ext/st12/shap-enso/data/tuned_wide/lstm/lead03_regression/predictions/lstm_lead03_regression_test_predictions.csv,-0.78,-0.5800000000000001,2,5,DJF,MAM
2018-03-01,2018-06-01,0.04,0.25591776,0.21591777,3,regression,lstm_tuned_wide,/work/ext/st12/shap-enso/data/tuned_wide/lstm/lead03_regression,/work/ext/st12/shap-enso/data/tuned_wide/lstm/lead03_regression/predictions/lstm_lead03_regression_test_predictions.csv,-0.8,-0.8400000000000001,3,6,MAM,JJA
2018-04-01,2018-07-01,0.12,0.14340657,0.023406573,3,regression,lstm_tuned_wide,/work/ext/st12/shap-enso/data/tuned_wide/lstm/lead03_regression,/work/ext/st12/shap-enso/data/tuned_wide/lstm/lead03_regression/predictions/lstm_lead03_regression_test_predictions.csv,-0.51,-0.63,4,7,MAM,JJA
2018-05-01,2018-08-01,0.09,0.11810779,0.028107785,3,regression,lstm_tuned_wide,/work/ext/st12/shap-enso/data/tuned_wide/lstm/lead03_regression,/work/ext/st12/shap-enso/data/tuned_wide/lstm/lead03_regression/predictions/lstm_lead03_regression_test_predictions.csv,-0.2,-0.29000000000000004,5,8,MAM,JJA
2018-06-01,2018-09-01,0.47,0.19371283,-0.27628717,3,regression,lstm_tuned_wide,/work/ext/st12/shap-enso/data/tuned_wide/lstm/lead03_regression,/work/ext/st12/shap-enso/data/tuned_wide/lstm/lead03_regression/predictions/lstm_lead03_regression_test_predictions.csv,0.04,-0.43,6,9,JJA,SON
2018-07-01,2018-10-01,0.9,0.2617005,-0.63829947,3,regression,lstm_tuned_wide,/work/ext/st12/shap-enso/data/tuned_wide/lstm/lead03_regression,/work/ext/st12/shap-enso/data/tuned_wide/lstm/lead03_regression/predictions/lstm_lead03_regression_test_predictions.csv,0.12,-0.78,7,10,JJA,SON
2018-08-01,2018-11-01,0.9,0.39954102,-0.50045896,3,regression,lstm_tuned_wide,/work/ext/st12/shap-enso/data/tuned_wide/lstm/lead03_regression,/work/ext/st12/shap-enso/data/tuned_wide/lstm/lead03_regression/predictions/lstm_lead03_regression_test_predictions.csv,0.09,-0.81,8,11,JJA,SON
2018-09-01,2018-12-01,0.89,0.7074016,-0.18259841,3,regression,lstm_tuned_wide,/work/ext/st12/shap-enso/data/tuned_wide/lstm/lead03_regression,/work/ext/st12/shap-enso/data/tuned_wide/lstm/lead03_regression/predictions/lstm_lead03_regression_test_predictions.csv,0.47,-0.42000000000000004,9,12,SON,DJF
2018-10-01,2019-01-01,0.65,0.91900533,0.26900536,3,regression,lstm_tuned_wide,/work/ext/st12/shap-enso/data/tuned_wide/lstm/lead03_regression,/work/ext/st12/shap-enso/data/tuned_wide/lstm/lead03_regression/predictions/lstm_lead03_regression_test_predictions.csv,0.9,0.25,10,1,SON,DJF
2018-11-01,2019-02-01,0.71,0.8125861,0.10258615,3,regression,lstm_tuned_wide,/work/ext/st12/shap-enso/data/tuned_wide/lstm/lead03_regression,/work/ext/st12/shap-enso/data/tuned_wide/lstm/lead03_regression/predictions/lstm_lead03_regression_test_predictions.csv,0.9,0.19000000000000006,11,2,SON,DJF
2018-12-01,2019-03-01,0.81,0.5347037,-0.27529633,3,regression,lstm_tuned_wide,/work/ext/st12/shap-enso/data/tuned_wide/lstm/lead03_regression,/work/ext/st12/shap-enso/data/tuned_wide/lstm/lead03_regression/predictions/lstm_lead03_regression_test_predictions.csv,0.89,0.07999999999999996,12,3,DJF,MAM
2019-01-01,2019-04-01,0.62,0.5017209,-0.1182791,3,regression,lstm_tuned_wide,/work/ext/st12/shap-enso/data/tuned_wide/lstm/lead03_regression,/work/ext/st12/shap-enso/data/tuned_wide/lstm/lead03_regression/predictions/lstm_lead03_regression_test_predictions.csv,0.65,0.030000000000000027,1,4,DJF,MAM
2019-02-01,2019-05-01,0.55,0.72566587,0.17566586,3,regression,lstm_tuned_wide,/work/ext/st12/shap-enso/data/tuned_wide/lstm/lead03_regression,/work/ext/st12/shap-enso/data/tuned_wide/lstm/lead03_regression/predictions/lstm_lead03_regression_test_predictions.csv,0.71,0.15999999999999992,2,5,DJF,MAM
2019-03-01,2019-06-01,0.45,0.61487025,0.16487026,3,regression,lstm_tuned_wide,/work/ext/st12/shap-enso/data/tuned_wide/lstm/lead03_regression,/work/ext/st12/shap-enso/data/tuned_wide/lstm/lead03_regression/predictions/lstm_lead03_regression_test_predictions.csv,0.81,0.36000000000000004,3,6,MAM,JJA
2019-04-01,2019-07-01,0.35,0.016154634,-0.33384535,3,regression,lstm_tuned_wide,/work/ext/st12/shap-enso/data/tuned_wide/lstm/lead03_regression,/work/ext/st12/shap-enso/data/tuned_wide/lstm/lead03_regression/predictions/lstm_lead03_regression_test_predictions.csv,0.62,0.27,4,7,MAM,JJA
2019-05-01,2019-08-01,0.04,0.34112602,0.30112603,3,regression,lstm_tuned_wide,/work/ext/st12/shap-enso/data/tuned_wide/lstm/lead03_regression,/work/ext/st12/shap-enso/data/tuned_wide/lstm/lead03_regression/predictions/lstm_lead03_regression_test_predictions.csv,0.55,0.51,5,8,MAM,JJA
2019-06-01,2019-09-01,0.03,0.07936134,0.04936134,3,regression,lstm_tuned_wide,/work/ext/st12/shap-enso/data/tuned_wide/lstm/lead03_regression,/work/ext/st12/shap-enso/data/tuned_wide/lstm/lead03_regression/predictions/lstm_lead03_regression_test_predictions.csv,0.45,0.42000000000000004,6,9,JJA,SON
2019-07-01,2019-10-01,0.48,0.24191244,-0.23808755,3,regression,lstm_tuned_wide,/work/ext/st12/shap-enso/data/tuned_wide/lstm/lead03_regression,/work/ext/st12/shap-enso/data/tuned_wide/lstm/lead03_regression/predictions/lstm_lead03_regression_test_predictions.csv,0.35,-0.13,7,10,JJA,SON
2019-08-01,2019-11-01,0.52,-0.08545398,-0.60545397,3,regression,lstm_tuned_wide,/work/ext/st12/shap-enso/data/tuned_wide/lstm/lead03_regression,/work/ext/st12/shap-enso/data/tuned_wide/lstm/lead03_regression/predictions/lstm_lead03_regression_test_predictions.csv,0.04,-0.48000000000000004,8,11,JJA,SON
2019-09-01,2019-12-01,0.52,0.06959754,-0.45040244,3,regression,lstm_tuned_wide,/work/ext/st12/shap-enso/data/tuned_wide/lstm/lead03_regression,/work/ext/st12/shap-enso/data/tuned_wide/lstm/lead03_regression/predictions/lstm_lead03_regression_test_predictions.csv,0.03,-0.49,9,12,SON,DJF
2019-10-01,2020-01-01,0.6,0.32057744,-0.27942258,3,regression,lstm_tuned_wide,/work/ext/st12/shap-enso/data/tuned_wide/lstm/lead03_regression,/work/ext/st12/shap-enso/data/tuned_wide/lstm/lead03_regression/predictions/lstm_lead03_regression_test_predictions.csv,0.48,-0.12,10,1,SON,DJF
2019-11-01,2020-02-01,0.37,0.44721708,0.07721707,3,regression,lstm_tuned_wide,/work/ext/st12/shap-enso/data/tuned_wide/lstm/lead03_regression,/work/ext/st12/shap-enso/data/tuned_wide/lstm/lead03_regression/predictions/lstm_lead03_regression_test_predictions.csv,0.52,0.15000000000000002,11,2,SON,DJF
2019-12-01,2020-03-01,0.48,0.5511039,0.0711039,3,regression,lstm_tuned_wide,/work/ext/st12/shap-enso/data/tuned_wide/lstm/lead03_regression,/work/ext/st12/shap-enso/data/tuned_wide/lstm/lead03_regression/predictions/lstm_lead03_regression_test_predictions.csv,0.52,0.040000000000000036,12,3,DJF,MAM
2020-01-01,2020-04-01,0.36,0.5237346,0.16373461,3,regression,lstm_tuned_wide,/work/ext/st12/shap-enso/data/tuned_wide/lstm/lead03_regression,/work/ext/st12/shap-enso/data/tuned_wide/lstm/lead03_regression/predictions/lstm_lead03_regression_test_predictions.csv,0.6,0.24,1,4,DJF,MAM
2020-02-01,2020-05-01,-0.27,0.38423544,0.6542355,3,regression,lstm_tuned_wide,/work/ext/st12/shap-enso/data/tuned_wide/lstm/lead03_regression,/work/ext/st12/shap-enso/data/tuned_wide/lstm/lead03_regression/predictions/lstm_lead03_regression_test_predictions.csv,0.37,0.64,2,5,DJF,MAM
2020-03-01,2020-06-01,-0.34,-0.01564716,0.32435283,3,regression,lstm_tuned_wide,/work/ext/st12/shap-enso/data/tuned_wide/lstm/lead03_regression,/work/ext/st12/shap-enso/data/tuned_wide/lstm/lead03_regression/predictions/lstm_lead03_regression_test_predictions.csv,0.48,0.8200000000000001,3,6,MAM,JJA
2020-04-01,2020-07-01,-0.3,-0.251532,0.048468024,3,regression,lstm_tuned_wide,/work/ext/st12/shap-enso/data/tuned_wide/lstm/lead03_regression,/work/ext/st12/shap-enso/data/tuned_wide/lstm/lead03_regression/predictions/lstm_lead03_regression_test_predictions.csv,0.36,0.6599999999999999,4,7,MAM,JJA
2020-05-01,2020-08-01,-0.59,-0.6085833,-0.018583298,3,regression,lstm_tuned_wide,/work/ext/st12/shap-enso/data/tuned_wide/lstm/lead03_regression,/work/ext/st12/shap-enso/data/tuned_wide/lstm/lead03_regression/predictions/lstm_lead03_regression_test_predictions.csv,-0.27,0.31999999999999995,5,8,MAM,JJA
2020-06-01,2020-09-01,-0.83,-0.5434026,0.28659737,3,regression,lstm_tuned_wide,/work/ext/st12/shap-enso/data/tuned_wide/lstm/lead03_regression,/work/ext/st12/shap-enso/data/tuned_wide/lstm/lead03_regression/predictions/lstm_lead03_regression_test_predictions.csv,-0.34,0.48999999999999994,6,9,JJA,SON
2020-07-01,2020-10-01,-1.26,-0.5368925,0.7231075,3,regression,lstm_tuned_wide,/work/ext/st12/shap-enso/data/tuned_wide/lstm/lead03_regression,/work/ext/st12/shap-enso/data/tuned_wide/lstm/lead03_regression/predictions/lstm_lead03_regression_test_predictions.csv,-0.3,0.96,7,10,JJA,SON
2020-08-01,2020-11-01,-1.42,-0.6168599,0.80314004,3,regression,lstm_tuned_wide,/work/ext/st12/shap-enso/data/tuned_wide/lstm/lead03_regression,/work/ext/st12/shap-enso/data/tuned_wide/lstm/lead03_regression/predictions/lstm_lead03_regression_test_predictions.csv,-0.59,0.83,8,11,JJA,SON
2020-09-01,2020-12-01,-1.15,-0.95511913,0.19488084,3,regression,lstm_tuned_wide,/work/ext/st12/shap-enso/data/tuned_wide/lstm/lead03_regression,/work/ext/st12/shap-enso/data/tuned_wide/lstm/lead03_regression/predictions/lstm_lead03_regression_test_predictions.csv,-0.83,0.31999999999999995,9,12,SON,DJF
2020-10-01,2021-01-01,-1.0,-1.2136532,-0.2136532,3,regression,lstm_tuned_wide,/work/ext/st12/shap-enso/data/tuned_wide/lstm/lead03_regression,/work/ext/st12/shap-enso/data/tuned_wide/lstm/lead03_regression/predictions/lstm_lead03_regression_test_predictions.csv,-1.26,-0.26,10,1,SON,DJF
2020-11-01,2021-02-01,-1.0,-1.1419004,-0.14190042,3,regression,lstm_tuned_wide,/work/ext/st12/shap-enso/data/tuned_wide/lstm/lead03_regression,/work/ext/st12/shap-enso/data/tuned_wide/lstm/lead03_regression/predictions/lstm_lead03_regression_test_predictions.csv,-1.42,-0.41999999999999993,11,2,SON,DJF
2020-12-01,2021-03-01,-0.8,-1.086085,-0.28608495,3,regression,lstm_tuned_wide,/work/ext/st12/shap-enso/data/tuned_wide/lstm/lead03_regression,/work/ext/st12/shap-enso/data/tuned_wide/lstm/lead03_regression/predictions/lstm_lead03_regression_test_predictions.csv,-1.15,-0.34999999999999987,12,3,DJF,MAM
2021-01-01,2021-04-01,-0.72,-1.0226114,-0.30261135,3,regression,lstm_tuned_wide,/work/ext/st12/shap-enso/data/tuned_wide/lstm/lead03_regression,/work/ext/st12/shap-enso/data/tuned_wide/lstm/lead03_regression/predictions/lstm_lead03_regression_test_predictions.csv,-1.0,-0.28,1,4,DJF,MAM
2021-02-01,2021-05-01,-0.46,-0.7207595,-0.2607595,3,regression,lstm_tuned_wide,/work/ext/st12/shap-enso/data/tuned_wide/lstm/lead03_regression,/work/ext/st12/shap-enso/data/tuned_wide/lstm/lead03_regression/predictions/lstm_lead03_regression_test_predictions.csv,-1.0,-0.54,2,5,DJF,MAM
2021-03-01,2021-06-01,-0.28,-0.3964579,-0.11645791,3,regression,lstm_tuned_wide,/work/ext/st12/shap-enso/data/tuned_wide/lstm/lead03_regression,/work/ext/st12/shap-enso/data/tuned_wide/lstm/lead03_regression/predictions/lstm_lead03_regression_test_predictions.csv,-0.8,-0.52,3,6,MAM,JJA
2021-04-01,2021-07-01,-0.39,-0.19693963,0.19306035,3,regression,lstm_tuned_wide,/work/ext/st12/shap-enso/data/tuned_wide/lstm/lead03_regression,/work/ext/st12/shap-enso/data/tuned_wide/lstm/lead03_regression/predictions/lstm_lead03_regression_test_predictions.csv,-0.72,-0.32999999999999996,4,7,MAM,JJA
2021-05-01,2021-08-01,-0.53,-0.4381873,0.09181267,3,regression,lstm_tuned_wide,/work/ext/st12/shap-enso/data/tuned_wide/lstm/lead03_regression,/work/ext/st12/shap-enso/data/tuned_wide/lstm/lead03_regression/predictions/lstm_lead03_regression_test_predictions.csv,-0.46,0.07,5,8,MAM,JJA
2021-06-01,2021-09-01,-0.55,-0.19533695,0.35466307,3,regression,lstm_tuned_wide,/work/ext/st12/shap-enso/data/tuned_wide/lstm/lead03_regression,/work/ext/st12/shap-enso/data/tuned_wide/lstm/lead03_regression/predictions/lstm_lead03_regression_test_predictions.csv,-0.28,0.27,6,9,JJA,SON
2021-07-01,2021-10-01,-0.94,-0.4808416,0.4591584,3,regression,lstm_tuned_wide,/work/ext/st12/shap-enso/data/tuned_wide/lstm/lead03_regression,/work/ext/st12/shap-enso/data/tuned_wide/lstm/lead03_regression/predictions/lstm_lead03_regression_test_predictions.csv,-0.39,0.5499999999999999,7,10,JJA,SON
2021-08-01,2021-11-01,-0.94,-0.4013372,0.5386628,3,regression,lstm_tuned_wide,/work/ext/st12/shap-enso/data/tuned_wide/lstm/lead03_regression,/work/ext/st12/shap-enso/data/tuned_wide/lstm/lead03_regression/predictions/lstm_lead03_regression_test_predictions.csv,-0.53,0.4099999999999999,8,11,JJA,SON
2021-09-01,2021-12-01,-1.06,-0.884446,0.17555392,3,regression,lstm_tuned_wide,/work/ext/st12/shap-enso/data/tuned_wide/lstm/lead03_regression,/work/ext/st12/shap-enso/data/tuned_wide/lstm/lead03_regression/predictions/lstm_lead03_regression_test_predictions.csv,-0.55,0.51,9,12,SON,DJF
2021-10-01,2022-01-01,-0.94,-0.9511719,-0.011171877,3,regression,lstm_tuned_wide,/work/ext/st12/shap-enso/data/tuned_wide/lstm/lead03_regression,/work/ext/st12/shap-enso/data/tuned_wide/lstm/lead03_regression/predictions/lstm_lead03_regression_test_predictions.csv,-0.94,0.0,10,1,SON,DJF
2021-11-01,2022-02-01,-0.89,-1.073912,-0.18391204,3,regression,lstm_tuned_wide,/work/ext/st12/shap-enso/data/tuned_wide/lstm/lead03_regression,/work/ext/st12/shap-enso/data/tuned_wide/lstm/lead03_regression/predictions/lstm_lead03_regression_test_predictions.csv,-0.94,-0.04999999999999993,11,2,SON,DJF
2021-12-01,2022-03-01,-0.97,-0.86377865,0.10622138,3,regression,lstm_tuned_wide,/work/ext/st12/shap-enso/data/tuned_wide/lstm/lead03_regression,/work/ext/st12/shap-enso/data/tuned_wide/lstm/lead03_regression/predictions/lstm_lead03_regression_test_predictions.csv,-1.06,-0.09000000000000008,12,3,DJF,MAM
2022-01-01,2022-04-01,-1.11,-0.6137729,0.4962271,3,regression,lstm_tuned_wide,/work/ext/st12/shap-enso/data/tuned_wide/lstm/lead03_regression,/work/ext/st12/shap-enso/data/tuned_wide/lstm/lead03_regression/predictions/lstm_lead03_regression_test_predictions.csv,-0.94,0.17000000000000015,1,4,DJF,MAM
2022-02-01,2022-05-01,-1.11,-0.80728865,0.30271137,3,regression,lstm_tuned_wide,/work/ext/st12/shap-enso/data/tuned_wide/lstm/lead03_regression,/work/ext/st12/shap-enso/data/tuned_wide/lstm/lead03_regression/predictions/lstm_lead03_regression_test_predictions.csv,-0.89,0.22000000000000008,2,5,DJF,MAM
2022-03-01,2022-06-01,-0.75,-0.8298336,-0.07983363,3,regression,lstm_tuned_wide,/work/ext/st12/shap-enso/data/tuned_wide/lstm/lead03_regression,/work/ext/st12/shap-enso/data/tuned_wide/lstm/lead03_regression/predictions/lstm_lead03_regression_test_predictions.csv,-0.97,-0.21999999999999997,3,6,MAM,JJA
2022-04-01,2022-07-01,-0.69,-0.7341777,-0.04417771,3,regression,lstm_tuned_wide,/work/ext/st12/shap-enso/data/tuned_wide/lstm/lead03_regression,/work/ext/st12/shap-enso/data/tuned_wide/lstm/lead03_regression/predictions/lstm_lead03_regression_test_predictions.csv,-1.11,-0.42000000000000015,4,7,MAM,JJA
2022-05-01,2022-08-01,-0.97,-0.72626805,0.24373198,3,regression,lstm_tuned_wide,/work/ext/st12/shap-enso/data/tuned_wide/lstm/lead03_regression,/work/ext/st12/shap-enso/data/tuned_wide/lstm/lead03_regression/predictions/lstm_lead03_regression_test_predictions.csv,-1.11,-0.14000000000000012,5,8,MAM,JJA
2022-06-01,2022-09-01,-1.07,-0.5587379,0.5112622,3,regression,lstm_tuned_wide,/work/ext/st12/shap-enso/data/tuned_wide/lstm/lead03_regression,/work/ext/st12/shap-enso/data/tuned_wide/lstm/lead03_regression/predictions/lstm_lead03_regression_test_predictions.csv,-0.75,0.32000000000000006,6,9,JJA,SON
2022-07-01,2022-10-01,-0.99,-0.8210381,0.16896188,3,regression,lstm_tuned_wide,/work/ext/st12/shap-enso/data/tuned_wide/lstm/lead03_regression,/work/ext/st12/shap-enso/data/tuned_wide/lstm/lead03_regression/predictions/lstm_lead03_regression_test_predictions.csv,-0.69,0.30000000000000004,7,10,JJA,SON
2022-08-01,2022-11-01,-0.9,-0.81130505,0.08869493,3,regression,lstm_tuned_wide,/work/ext/st12/shap-enso/data/tuned_wide/lstm/lead03_regression,/work/ext/st12/shap-enso/data/tuned_wide/lstm/lead03_regression/predictions/lstm_lead03_regression_test_predictions.csv,-0.97,-0.06999999999999995,8,11,JJA,SON
2022-09-01,2022-12-01,-0.85,-0.9458756,-0.09587556,3,regression,lstm_tuned_wide,/work/ext/st12/shap-enso/data/tuned_wide/lstm/lead03_regression,/work/ext/st12/shap-enso/data/tuned_wide/lstm/lead03_regression/predictions/lstm_lead03_regression_test_predictions.csv,-1.07,-0.22000000000000008,9,12,SON,DJF
2022-10-01,2023-01-01,-0.72,-1.0669916,-0.34699154,3,regression,lstm_tuned_wide,/work/ext/st12/shap-enso/data/tuned_wide/lstm/lead03_regression,/work/ext/st12/shap-enso/data/tuned_wide/lstm/lead03_regression/predictions/lstm_lead03_regression_test_predictions.csv,-0.99,-0.27,10,1,SON,DJF
2022-11-01,2023-02-01,-0.46,-0.8463267,-0.3863267,3,regression,lstm_tuned_wide,/work/ext/st12/shap-enso/data/tuned_wide/lstm/lead03_regression,/work/ext/st12/shap-enso/data/tuned_wide/lstm/lead03_regression/predictions/lstm_lead03_regression_test_predictions.csv,-0.9,-0.44,11,2,SON,DJF
2022-12-01,2023-03-01,-0.11,-0.8058239,-0.6958239,3,regression,lstm_tuned_wide,/work/ext/st12/shap-enso/data/tuned_wide/lstm/lead03_regression,/work/ext/st12/shap-enso/data/tuned_wide/lstm/lead03_regression/predictions/lstm_lead03_regression_test_predictions.csv,-0.85,-0.74,12,3,DJF,MAM
2023-01-01,2023-04-01,0.14,-0.5590333,-0.69903326,3,regression,lstm_tuned_wide,/work/ext/st12/shap-enso/data/tuned_wide/lstm/lead03_regression,/work/ext/st12/shap-enso/data/tuned_wide/lstm/lead03_regression/predictions/lstm_lead03_regression_test_predictions.csv,-0.72,-0.86,1,4,DJF,MAM
2023-02-01,2023-05-01,0.46,-0.22816333,-0.68816334,3,regression,lstm_tuned_wide,/work/ext/st12/shap-enso/data/tuned_wide/lstm/lead03_regression,/work/ext/st12/shap-enso/data/tuned_wide/lstm/lead03_regression/predictions/lstm_lead03_regression_test_predictions.csv,-0.46,-0.92,2,5,DJF,MAM
2023-03-01,2023-06-01,0.84,0.3850253,-0.45497468,3,regression,lstm_tuned_wide,/work/ext/st12/shap-enso/data/tuned_wide/lstm/lead03_regression,/work/ext/st12/shap-enso/data/tuned_wide/lstm/lead03_regression/predictions/lstm_lead03_regression_test_predictions.csv,-0.11,-0.95,3,6,MAM,JJA
2023-04-01,2023-07-01,1.02,0.8331283,-0.1868717,3,regression,lstm_tuned_wide,/work/ext/st12/shap-enso/data/tuned_wide/lstm/lead03_regression,/work/ext/st12/shap-enso/data/tuned_wide/lstm/lead03_regression/predictions/lstm_lead03_regression_test_predictions.csv,0.14,-0.88,4,7,MAM,JJA
2023-05-01,2023-08-01,1.35,1.0172942,-0.33270586,3,regression,lstm_tuned_wide,/work/ext/st12/shap-enso/data/tuned_wide/lstm/lead03_regression,/work/ext/st12/shap-enso/data/tuned_wide/lstm/lead03_regression/predictions/lstm_lead03_regression_test_predictions.csv,0.46,-0.8900000000000001,5,8,MAM,JJA
2023-06-01,2023-09-01,1.6,1.1015139,-0.49848616,3,regression,lstm_tuned_wide,/work/ext/st12/shap-enso/data/tuned_wide/lstm/lead03_regression,/work/ext/st12/shap-enso/data/tuned_wide/lstm/lead03_regression/predictions/lstm_lead03_regression_test_predictions.csv,0.84,-0.7600000000000001,6,9,JJA,SON
2023-07-01,2023-10-01,1.72,1.0315077,-0.6884923,3,regression,lstm_tuned_wide,/work/ext/st12/shap-enso/data/tuned_wide/lstm/lead03_regression,/work/ext/st12/shap-enso/data/tuned_wide/lstm/lead03_regression/predictions/lstm_lead03_regression_test_predictions.csv,1.02,-0.7,7,10,JJA,SON
2023-08-01,2023-11-01,2.02,1.3590432,-0.66095674,3,regression,lstm_tuned_wide,/work/ext/st12/shap-enso/data/tuned_wide/lstm/lead03_regression,/work/ext/st12/shap-enso/data/tuned_wide/lstm/lead03_regression/predictions/lstm_lead03_regression_test_predictions.csv,1.35,-0.6699999999999999,8,11,JJA,SON
2023-09-01,2023-12-01,2.03,1.3043562,-0.72564375,3,regression,lstm_tuned_wide,/work/ext/st12/shap-enso/data/tuned_wide/lstm/lead03_regression,/work/ext/st12/shap-enso/data/tuned_wide/lstm/lead03_regression/predictions/lstm_lead03_regression_test_predictions.csv,1.6,-0.4299999999999997,9,12,SON,DJF
2015-01-01,2015-07-01,1.46,0.33836755,-1.1216325,6,regression,lstm_tuned_wide,/work/ext/st12/shap-enso/data/tuned_wide/lstm/lead06_regression,/work/ext/st12/shap-enso/data/tuned_wide/lstm/lead06_regression/predictions/lstm_lead06_regression_test_predictions.csv,0.51,-0.95,1,7,DJF,JJA
2015-02-01,2015-08-01,1.93,0.5200092,-1.4099908,6,regression,lstm_tuned_wide,/work/ext/st12/shap-enso/data/tuned_wide/lstm/lead06_regression,/work/ext/st12/shap-enso/data/tuned_wide/lstm/lead06_regression/predictions/lstm_lead06_regression_test_predictions.csv,0.42,-1.51,2,8,DJF,JJA
2015-03-01,2015-09-01,2.21,0.73464423,-1.4753559,6,regression,lstm_tuned_wide,/work/ext/st12/shap-enso/data/tuned_wide/lstm/lead06_regression,/work/ext/st12/shap-enso/data/tuned_wide/lstm/lead06_regression/predictions/lstm_lead06_regression_test_predictions.csv,0.47,-1.74,3,9,MAM,SON
2015-04-01,2015-10-01,2.36,0.8124562,-1.5475438,6,regression,lstm_tuned_wide,/work/ext/st12/shap-enso/data/tuned_wide/lstm/lead06_regression,/work/ext/st12/shap-enso/data/tuned_wide/lstm/lead06_regression/predictions/lstm_lead06_regression_test_predictions.csv,0.7,-1.66,4,10,MAM,SON
2015-05-01,2015-11-01,2.72,0.80625546,-1.9137446,6,regression,lstm_tuned_wide,/work/ext/st12/shap-enso/data/tuned_wide/lstm/lead06_regression,/work/ext/st12/shap-enso/data/tuned_wide/lstm/lead06_regression/predictions/lstm_lead06_regression_test_predictions.csv,0.92,-1.8000000000000003,5,11,MAM,SON
2015-06-01,2015-12-01,2.66,0.7209247,-1.9390755,6,regression,lstm_tuned_wide,/work/ext/st12/shap-enso/data/tuned_wide/lstm/lead06_regression,/work/ext/st12/shap-enso/data/tuned_wide/lstm/lead06_regression/predictions/lstm_lead06_regression_test_predictions.csv,1.18,-1.4800000000000002,6,12,JJA,DJF
2015-07-01,2016-01-01,2.57,0.85421824,-1.7157817,6,regression,lstm_tuned_wide,/work/ext/st12/shap-enso/data/tuned_wide/lstm/lead06_regression,/work/ext/st12/shap-enso/data/tuned_wide/lstm/lead06_regression/predictions/lstm_lead06_regression_test_predictions.csv,1.46,-1.1099999999999999,7,1,JJA,DJF
2015-08-01,2016-02-01,2.26,0.81201243,-1.4479876,6,regression,lstm_tuned_wide,/work/ext/st12/shap-enso/data/tuned_wide/lstm/lead06_regression,/work/ext/st12/shap-enso/data/tuned_wide/lstm/lead06_regression/predictions/lstm_lead06_regression_test_predictions.csv,1.93,-0.32999999999999985,8,2,JJA,DJF
2015-09-01,2016-03-01,1.62,0.7145082,-0.9054918,6,regression,lstm_tuned_wide,/work/ext/st12/shap-enso/data/tuned_wide/lstm/lead06_regression,/work/ext/st12/shap-enso/data/tuned_wide/lstm/lead06_regression/predictions/lstm_lead06_regression_test_predictions.csv,2.21,0.5899999999999999,9,3,SON,MAM
2015-10-01,2016-04-01,0.91,0.57394546,-0.33605456,6,regression,lstm_tuned_wide,/work/ext/st12/shap-enso/data/tuned_wide/lstm/lead06_regression,/work/ext/st12/shap-enso/data/tuned_wide/lstm/lead06_regression/predictions/lstm_lead06_regression_test_predictions.csv,2.36,1.4499999999999997,10,4,SON,MAM
2015-11-01,2016-05-01,0.3,0.15981573,-0.14018428,6,regression,lstm_tuned_wide,/work/ext/st12/shap-enso/data/tuned_wide/lstm/lead06_regression,/work/ext/st12/shap-enso/data/tuned_wide/lstm/lead06_regression/predictions/lstm_lead06_regression_test_predictions.csv,2.72,2.4200000000000004,11,5,SON,MAM
2015-12-01,2016-06-01,-0.03,-0.32269594,-0.29269594,6,regression,lstm_tuned_wide,/work/ext/st12/shap-enso/data/tuned_wide/lstm/lead06_regression,/work/ext/st12/shap-enso/data/tuned_wide/lstm/lead06_regression/predictions/lstm_lead06_regression_test_predictions.csv,2.66,2.69,12,6,DJF,JJA
2016-01-01,2016-07-01,-0.48,-0.8651295,-0.38512948,6,regression,lstm_tuned_wide,/work/ext/st12/shap-enso/data/tuned_wide/lstm/lead06_regression,/work/ext/st12/shap-enso/data/tuned_wide/lstm/lead06_regression/predictions/lstm_lead06_regression_test_predictions.csv,2.57,3.05,1,7,DJF,JJA
2016-02-01,2016-08-01,-0.58,-1.4337593,-0.85375935,6,regression,lstm_tuned_wide,/work/ext/st12/shap-enso/data/tuned_wide/lstm/lead06_regression,/work/ext/st12/shap-enso/data/tuned_wide/lstm/lead06_regression/predictions/lstm_lead06_regression_test_predictions.csv,2.26,2.84,2,8,DJF,JJA
2016-03-01,2016-09-01,-0.58,-1.7207344,-1.1407344,6,regression,lstm_tuned_wide,/work/ext/st12/shap-enso/data/tuned_wide/lstm/lead06_regression,/work/ext/st12/shap-enso/data/tuned_wide/lstm/lead06_regression/predictions/lstm_lead06_regression_test_predictions.csv,1.62,2.2,3,9,MAM,SON
2016-04-01,2016-10-01,-0.74,-1.8005847,-1.0605847,6,regression,lstm_tuned_wide,/work/ext/st12/shap-enso/data/tuned_wide/lstm/lead06_regression,/work/ext/st12/shap-enso/data/tuned_wide/lstm/lead06_regression/predictions/lstm_lead06_regression_test_predictions.csv,0.91,1.65,4,10,MAM,SON
2016-05-01,2016-11-01,-0.76,-1.7810208,-1.0210208,6,regression,lstm_tuned_wide,/work/ext/st12/shap-enso/data/tuned_wide/lstm/lead06_regression,/work/ext/st12/shap-enso/data/tuned_wide/lstm/lead06_regression/predictions/lstm_lead06_regression_test_predictions.csv,0.3,1.06,5,11,MAM,SON
2016-06-01,2016-12-01,-0.5,-1.484885,-0.984885,6,regression,lstm_tuned_wide,/work/ext/st12/shap-enso/data/tuned_wide/lstm/lead06_regression,/work/ext/st12/shap-enso/data/tuned_wide/lstm/lead06_regression/predictions/lstm_lead06_regression_test_predictions.csv,-0.03,0.47,6,12,JJA,DJF
2016-07-01,2017-01-01,-0.43,-1.0683583,-0.6383583,6,regression,lstm_tuned_wide,/work/ext/st12/shap-enso/data/tuned_wide/lstm/lead06_regression,/work/ext/st12/shap-enso/data/tuned_wide/lstm/lead06_regression/predictions/lstm_lead06_regression_test_predictions.csv,-0.48,-0.04999999999999999,7,1,JJA,DJF
2016-08-01,2017-02-01,-0.08,-0.4591086,-0.3791086,6,regression,lstm_tuned_wide,/work/ext/st12/shap-enso/data/tuned_wide/lstm/lead06_regression,/work/ext/st12/shap-enso/data/tuned_wide/lstm/lead06_regression/predictions/lstm_lead06_regression_test_predictions.csv,-0.58,-0.49999999999999994,8,2,JJA,DJF
2016-09-01,2017-03-01,0.03,-0.20021373,-0.23021373,6,regression,lstm_tuned_wide,/work/ext/st12/shap-enso/data/tuned_wide/lstm/lead06_regression,/work/ext/st12/shap-enso/data/tuned_wide/lstm/lead06_regression/predictions/lstm_lead06_regression_test_predictions.csv,-0.58,-0.61,9,3,SON,MAM
2016-10-01,2017-04-01,0.22,-0.1474964,-0.3674964,6,regression,lstm_tuned_wide,/work/ext/st12/shap-enso/data/tuned_wide/lstm/lead06_regression,/work/ext/st12/shap-enso/data/tuned_wide/lstm/lead06_regression/predictions/lstm_lead06_regression_test_predictions.csv,-0.74,-0.96,10,4,SON,MAM
2016-11-01,2017-05-01,0.37,-0.10164413,-0.47164413,6,regression,lstm_tuned_wide,/work/ext/st12/shap-enso/data/tuned_wide/lstm/lead06_regression,/work/ext/st12/shap-enso/data/tuned_wide/lstm/lead06_regression/predictions/lstm_lead06_regression_test_predictions.csv,-0.76,-1.13,11,5,SON,MAM
2016-12-01,2017-06-01,0.34,-0.024932599,-0.3649326,6,regression,lstm_tuned_wide,/work/ext/st12/shap-enso/data/tuned_wide/lstm/lead06_regression,/work/ext/st12/shap-enso/data/tuned_wide/lstm/lead06_regression/predictions/lstm_lead06_regression_test_predictions.csv,-0.5,-0.8400000000000001,12,6,DJF,JJA
2017-01-01,2017-07-01,0.25,0.17860377,-0.07139623,6,regression,lstm_tuned_wide,/work/ext/st12/shap-enso/data/tuned_wide/lstm/lead06_regression,/work/ext/st12/shap-enso/data/tuned_wide/lstm/lead06_regression/predictions/lstm_lead06_regression_test_predictions.csv,-0.43,-0.6799999999999999,1,7,DJF,JJA
2017-02-01,2017-08-01,-0.16,0.35461834,0.51461834,6,regression,lstm_tuned_wide,/work/ext/st12/shap-enso/data/tuned_wide/lstm/lead06_regression,/work/ext/st12/shap-enso/data/tuned_wide/lstm/lead06_regression/predictions/lstm_lead06_regression_test_predictions.csv,-0.08,0.08,2,8,DJF,JJA
2017-03-01,2017-09-01,-0.43,0.19368792,0.6236879,6,regression,lstm_tuned_wide,/work/ext/st12/shap-enso/data/tuned_wide/lstm/lead06_regression,/work/ext/st12/shap-enso/data/tuned_wide/lstm/lead06_regression/predictions/lstm_lead06_regression_test_predictions.csv,0.03,0.45999999999999996,3,9,MAM,SON
2017-04-01,2017-10-01,-0.56,0.28650165,0.84650165,6,regression,lstm_tuned_wide,/work/ext/st12/shap-enso/data/tuned_wide/lstm/lead06_regression,/work/ext/st12/shap-enso/data/tuned_wide/lstm/lead06_regression/predictions/lstm_lead06_regression_test_predictions.csv,0.22,0.78,4,10,MAM,SON
2017-05-01,2017-11-01,-0.97,0.13987693,1.109877,6,regression,lstm_tuned_wide,/work/ext/st12/shap-enso/data/tuned_wide/lstm/lead06_regression,/work/ext/st12/shap-enso/data/tuned_wide/lstm/lead06_regression/predictions/lstm_lead06_regression_test_predictions.csv,0.37,1.3399999999999999,5,11,MAM,SON
2017-06-01,2017-12-01,-0.98,0.006094314,0.98609436,6,regression,lstm_tuned_wide,/work/ext/st12/shap-enso/data/tuned_wide/lstm/lead06_regression,/work/ext/st12/shap-enso/data/tuned_wide/lstm/lead06_regression/predictions/lstm_lead06_regression_test_predictions.csv,0.34,1.32,6,12,JJA,DJF
2017-07-01,2018-01-01,-0.98,-0.22106937,0.7589307,6,regression,lstm_tuned_wide,/work/ext/st12/shap-enso/data/tuned_wide/lstm/lead06_regression,/work/ext/st12/shap-enso/data/tuned_wide/lstm/lead06_regression/predictions/lstm_lead06_regression_test_predictions.csv,0.25,1.23,7,1,JJA,DJF
2017-08-01,2018-02-01,-0.78,-0.34079465,0.43920532,6,regression,lstm_tuned_wide,/work/ext/st12/shap-enso/data/tuned_wide/lstm/lead06_regression,/work/ext/st12/shap-enso/data/tuned_wide/lstm/lead06_regression/predictions/lstm_lead06_regression_test_predictions.csv,-0.16,0.62,8,2,JJA,DJF
2017-09-01,2018-03-01,-0.8,-0.5050798,0.2949202,6,regression,lstm_tuned_wide,/work/ext/st12/shap-enso/data/tuned_wide/lstm/lead06_regression,/work/ext/st12/shap-enso/data/tuned_wide/lstm/lead06_regression/predictions/lstm_lead06_regression_test_predictions.csv,-0.43,0.37000000000000005,9,3,SON,MAM
2017-10-01,2018-04-01,-0.51,-0.3380518,0.1719482,6,regression,lstm_tuned_wide,/work/ext/st12/shap-enso/data/tuned_wide/lstm/lead06_regression,/work/ext/st12/shap-enso/data/tuned_wide/lstm/lead06_regression/predictions/lstm_lead06_regression_test_predictions.csv,-0.56,-0.050000000000000044,10,4,SON,MAM
2017-11-01,2018-05-01,-0.2,-0.28704843,-0.087048426,6,regression,lstm_tuned_wide,/work/ext/st12/shap-enso/data/tuned_wide/lstm/lead06_regression,/work/ext/st12/shap-enso/data/tuned_wide/lstm/lead06_regression/predictions/lstm_lead06_regression_test_predictions.csv,-0.97,-0.77,11,5,SON,MAM
2017-12-01,2018-06-01,0.04,-0.055087224,-0.09508722,6,regression,lstm_tuned_wide,/work/ext/st12/shap-enso/data/tuned_wide/lstm/lead06_regression,/work/ext/st12/shap-enso/data/tuned_wide/lstm/lead06_regression/predictions/lstm_lead06_regression_test_predictions.csv,-0.98,-1.02,12,6,DJF,JJA
2018-01-01,2018-07-01,0.12,0.12135155,0.0013515502,6,regression,lstm_tuned_wide,/work/ext/st12/shap-enso/data/tuned_wide/lstm/lead06_regression,/work/ext/st12/shap-enso/data/tuned_wide/lstm/lead06_regression/predictions/lstm_lead06_regression_test_predictions.csv,-0.98,-1.1,1,7,DJF,JJA
2018-02-01,2018-08-01,0.09,0.45893335,0.36893335,6,regression,lstm_tuned_wide,/work/ext/st12/shap-enso/data/tuned_wide/lstm/lead06_regression,/work/ext/st12/shap-enso/data/tuned_wide/lstm/lead06_regression/predictions/lstm_lead06_regression_test_predictions.csv,-0.78,-0.87,2,8,DJF,JJA
2018-03-01,2018-09-01,0.47,0.8207502,0.35075018,6,regression,lstm_tuned_wide,/work/ext/st12/shap-enso/data/tuned_wide/lstm/lead06_regression,/work/ext/st12/shap-enso/data/tuned_wide/lstm/lead06_regression/predictions/lstm_lead06_regression_test_predictions.csv,-0.8,-1.27,3,9,MAM,SON
2018-04-01,2018-10-01,0.9,0.7498266,-0.15017337,6,regression,lstm_tuned_wide,/work/ext/st12/shap-enso/data/tuned_wide/lstm/lead06_regression,/work/ext/st12/shap-enso/data/tuned_wide/lstm/lead06_regression/predictions/lstm_lead06_regression_test_predictions.csv,-0.51,-1.4100000000000001,4,10,MAM,SON
2018-05-01,2018-11-01,0.9,0.5208166,-0.37918335,6,regression,lstm_tuned_wide,/work/ext/st12/shap-enso/data/tuned_wide/lstm/lead06_regression,/work/ext/st12/shap-enso/data/tuned_wide/lstm/lead06_regression/predictions/lstm_lead06_regression_test_predictions.csv,-0.2,-1.1,5,11,MAM,SON
2018-06-01,2018-12-01,0.89,0.28034624,-0.6096537,6,regression,lstm_tuned_wide,/work/ext/st12/shap-enso/data/tuned_wide/lstm/lead06_regression,/work/ext/st12/shap-enso/data/tuned_wide/lstm/lead06_regression/predictions/lstm_lead06_regression_test_predictions.csv,0.04,-0.85,6,12,JJA,DJF
2018-07-01,2019-01-01,0.65,0.25193805,-0.39806193,6,regression,lstm_tuned_wide,/work/ext/st12/shap-enso/data/tuned_wide/lstm/lead06_regression,/work/ext/st12/shap-enso/data/tuned_wide/lstm/lead06_regression/predictions/lstm_lead06_regression_test_predictions.csv,0.12,-0.53,7,1,JJA,DJF
2018-08-01,2019-02-01,0.71,0.3955633,-0.31443667,6,regression,lstm_tuned_wide,/work/ext/st12/shap-enso/data/tuned_wide/lstm/lead06_regression,/work/ext/st12/shap-enso/data/tuned_wide/lstm/lead06_regression/predictions/lstm_lead06_regression_test_predictions.csv,0.09,-0.62,8,2,JJA,DJF
2018-09-01,2019-03-01,0.81,0.7914175,-0.018582523,6,regression,lstm_tuned_wide,/work/ext/st12/shap-enso/data/tuned_wide/lstm/lead06_regression,/work/ext/st12/shap-enso/data/tuned_wide/lstm/lead06_regression/predictions/lstm_lead06_regression_test_predictions.csv,0.47,-0.3400000000000001,9,3,SON,MAM
2018-10-01,2019-04-01,0.62,0.95502913,0.33502913,6,regression,lstm_tuned_wide,/work/ext/st12/shap-enso/data/tuned_wide/lstm/lead06_regression,/work/ext/st12/shap-enso/data/tuned_wide/lstm/lead06_regression/predictions/lstm_lead06_regression_test_predictions.csv,0.9,0.28,10,4,SON,MAM
2018-11-01,2019-05-01,0.55,0.826928,0.276928,6,regression,lstm_tuned_wide,/work/ext/st12/shap-enso/data/tuned_wide/lstm/lead06_regression,/work/ext/st12/shap-enso/data/tuned_wide/lstm/lead06_regression/predictions/lstm_lead06_regression_test_predictions.csv,0.9,0.35,11,5,SON,MAM
2018-12-01,2019-06-01,0.45,0.52645105,0.07645106,6,regression,lstm_tuned_wide,/work/ext/st12/shap-enso/data/tuned_wide/lstm/lead06_regression,/work/ext/st12/shap-enso/data/tuned_wide/lstm/lead06_regression/predictions/lstm_lead06_regression_test_predictions.csv,0.89,0.44,12,6,DJF,JJA
2019-01-01,2019-07-01,0.35,0.43648586,0.08648586,6,regression,lstm_tuned_wide,/work/ext/st12/shap-enso/data/tuned_wide/lstm/lead06_regression,/work/ext/st12/shap-enso/data/tuned_wide/lstm/lead06_regression/predictions/lstm_lead06_regression_test_predictions.csv,0.65,0.30000000000000004,1,7,DJF,JJA
2019-02-01,2019-08-01,0.04,0.47501215,0.43501216,6,regression,lstm_tuned_wide,/work/ext/st12/shap-enso/data/tuned_wide/lstm/lead06_regression,/work/ext/st12/shap-enso/data/tuned_wide/lstm/lead06_regression/predictions/lstm_lead06_regression_test_predictions.csv,0.71,0.6699999999999999,2,8,DJF,JJA
2019-03-01,2019-09-01,0.03,0.363127,0.333127,6,regression,lstm_tuned_wide,/work/ext/st12/shap-enso/data/tuned_wide/lstm/lead06_regression,/work/ext/st12/shap-enso/data/tuned_wide/lstm/lead06_regression/predictions/lstm_lead06_regression_test_predictions.csv,0.81,0.78,3,9,MAM,SON
2019-04-01,2019-10-01,0.48,-0.010572398,-0.4905724,6,regression,lstm_tuned_wide,/work/ext/st12/shap-enso/data/tuned_wide/lstm/lead06_regression,/work/ext/st12/shap-enso/data/tuned_wide/lstm/lead06_regression/predictions/lstm_lead06_regression_test_predictions.csv,0.62,0.14,4,10,MAM,SON
2019-05-01,2019-11-01,0.52,0.08355339,-0.4364466,6,regression,lstm_tuned_wide,/work/ext/st12/shap-enso/data/tuned_wide/lstm/lead06_regression,/work/ext/st12/shap-enso/data/tuned_wide/lstm/lead06_regression/predictions/lstm_lead06_regression_test_predictions.csv,0.55,0.030000000000000027,5,11,MAM,SON
2019-06-01,2019-12-01,0.52,-0.03969252,-0.5596925,6,regression,lstm_tuned_wide,/work/ext/st12/shap-enso/data/tuned_wide/lstm/lead06_regression,/work/ext/st12/shap-enso/data/tuned_wide/lstm/lead06_regression/predictions/lstm_lead06_regression_test_predictions.csv,0.45,-0.07,6,12,JJA,DJF
2019-07-01,2020-01-01,0.6,0.081157796,-0.5188422,6,regression,lstm_tuned_wide,/work/ext/st12/shap-enso/data/tuned_wide/lstm/lead06_regression,/work/ext/st12/shap-enso/data/tuned_wide/lstm/lead06_regression/predictions/lstm_lead06_regression_test_predictions.csv,0.35,-0.25,7,1,JJA,DJF
2019-08-01,2020-02-01,0.37,-0.018822666,-0.38882267,6,regression,lstm_tuned_wide,/work/ext/st12/shap-enso/data/tuned_wide/lstm/lead06_regression,/work/ext/st12/shap-enso/data/tuned_wide/lstm/lead06_regression/predictions/lstm_lead06_regression_test_predictions.csv,0.04,-0.33,8,2,JJA,DJF
2019-09-01,2020-03-01,0.48,0.055697985,-0.424302,6,regression,lstm_tuned_wide,/work/ext/st12/shap-enso/data/tuned_wide/lstm/lead06_regression,/work/ext/st12/shap-enso/data/tuned_wide/lstm/lead06_regression/predictions/lstm_lead06_regression_test_predictions.csv,0.03,-0.44999999999999996,9,3,SON,MAM
2019-10-01,2020-04-01,0.36,0.20370784,-0.15629217,6,regression,lstm_tuned_wide,/work/ext/st12/shap-enso/data/tuned_wide/lstm/lead06_regression,/work/ext/st12/shap-enso/data/tuned_wide/lstm/lead06_regression/predictions/lstm_lead06_regression_test_predictions.csv,0.48,0.12,10,4,SON,MAM
2019-11-01,2020-05-01,-0.27,0.3748628,0.6448628,6,regression,lstm_tuned_wide,/work/ext/st12/shap-enso/data/tuned_wide/lstm/lead06_regression,/work/ext/st12/shap-enso/data/tuned_wide/lstm/lead06_regression/predictions/lstm_lead06_regression_test_predictions.csv,0.52,0.79,11,5,SON,MAM
2019-12-01,2020-06-01,-0.34,0.51917815,0.8591782,6,regression,lstm_tuned_wide,/work/ext/st12/shap-enso/data/tuned_wide/lstm/lead06_regression,/work/ext/st12/shap-enso/data/tuned_wide/lstm/lead06_regression/predictions/lstm_lead06_regression_test_predictions.csv,0.52,0.8600000000000001,12,6,DJF,JJA
2020-01-01,2020-07-01,-0.3,0.5237811,0.82378113,6,regression,lstm_tuned_wide,/work/ext/st12/shap-enso/data/tuned_wide/lstm/lead06_regression,/work/ext/st12/shap-enso/data/tuned_wide/lstm/lead06_regression/predictions/lstm_lead06_regression_test_predictions.csv,0.6,0.8999999999999999,1,7,DJF,JJA
2020-02-01,2020-08-01,-0.59,0.41490057,1.0049006,6,regression,lstm_tuned_wide,/work/ext/st12/shap-enso/data/tuned_wide/lstm/lead06_regression,/work/ext/st12/shap-enso/data/tuned_wide/lstm/lead06_regression/predictions/lstm_lead06_regression_test_predictions.csv,0.37,0.96,2,8,DJF,JJA
2020-03-01,2020-09-01,-0.83,0.03952495,0.86952496,6,regression,lstm_tuned_wide,/work/ext/st12/shap-enso/data/tuned_wide/lstm/lead06_regression,/work/ext/st12/shap-enso/data/tuned_wide/lstm/lead06_regression/predictions/lstm_lead06_regression_test_predictions.csv,0.48,1.31,3,9,MAM,SON
2020-04-01,2020-10-01,-1.26,-0.26376304,0.9962369,6,regression,lstm_tuned_wide,/work/ext/st12/shap-enso/data/tuned_wide/lstm/lead06_regression,/work/ext/st12/shap-enso/data/tuned_wide/lstm/lead06_regression/predictions/lstm_lead06_regression_test_predictions.csv,0.36,1.62,4,10,MAM,SON
2020-05-01,2020-11-01,-1.42,-0.52398205,0.8960179,6,regression,lstm_tuned_wide,/work/ext/st12/shap-enso/data/tuned_wide/lstm/lead06_regression,/work/ext/st12/shap-enso/data/tuned_wide/lstm/lead06_regression/predictions/lstm_lead06_regression_test_predictions.csv,-0.27,1.15,5,11,MAM,SON
2020-06-01,2020-12-01,-1.15,-0.501326,0.64867395,6,regression,lstm_tuned_wide,/work/ext/st12/shap-enso/data/tuned_wide/lstm/lead06_regression,/work/ext/st12/shap-enso/data/tuned_wide/lstm/lead06_regression/predictions/lstm_lead06_regression_test_predictions.csv,-0.34,0.8099999999999998,6,12,JJA,DJF
2020-07-01,2021-01-01,-1.0,-0.37566456,0.6243354,6,regression,lstm_tuned_wide,/work/ext/st12/shap-enso/data/tuned_wide/lstm/lead06_regression,/work/ext/st12/shap-enso/data/tuned_wide/lstm/lead06_regression/predictions/lstm_lead06_regression_test_predictions.csv,-0.3,0.7,7,1,JJA,DJF
2020-08-01,2021-02-01,-1.0,-0.27285883,0.72714114,6,regression,lstm_tuned_wide,/work/ext/st12/shap-enso/data/tuned_wide/lstm/lead06_regression,/work/ext/st12/shap-enso/data/tuned_wide/lstm/lead06_regression/predictions/lstm_lead06_regression_test_predictions.csv,-0.59,0.41000000000000003,8,2,JJA,DJF
2020-09-01,2021-03-01,-0.8,-0.38436526,0.41563475,6,regression,lstm_tuned_wide,/work/ext/st12/shap-enso/data/tuned_wide/lstm/lead06_regression,/work/ext/st12/shap-enso/data/tuned_wide/lstm/lead06_regression/predictions/lstm_lead06_regression_test_predictions.csv,-0.83,-0.029999999999999916,9,3,SON,MAM
2020-10-01,2021-04-01,-0.72,-0.45892754,0.2610725,6,regression,lstm_tuned_wide,/work/ext/st12/shap-enso/data/tuned_wide/lstm/lead06_regression,/work/ext/st12/shap-enso/data/tuned_wide/lstm/lead06_regression/predictions/lstm_lead06_regression_test_predictions.csv,-1.26,-0.54,10,4,SON,MAM
2020-11-01,2021-05-01,-0.46,-0.53214747,-0.07214746,6,regression,lstm_tuned_wide,/work/ext/st12/shap-enso/data/tuned_wide/lstm/lead06_regression,/work/ext/st12/shap-enso/data/tuned_wide/lstm/lead06_regression/predictions/lstm_lead06_regression_test_predictions.csv,-1.42,-0.96,11,5,SON,MAM
2020-12-01,2021-06-01,-0.28,-0.52471924,-0.24471924,6,regression,lstm_tuned_wide,/work/ext/st12/shap-enso/data/tuned_wide/lstm/lead06_regression,/work/ext/st12/shap-enso/data/tuned_wide/lstm/lead06_regression/predictions/lstm_lead06_regression_test_predictions.csv,-1.15,-0.8699999999999999,12,6,DJF,JJA
2021-01-01,2021-07-01,-0.39,-0.45749983,-0.067499846,6,regression,lstm_tuned_wide,/work/ext/st12/shap-enso/data/tuned_wide/lstm/lead06_regression,/work/ext/st12/shap-enso/data/tuned_wide/lstm/lead06_regression/predictions/lstm_lead06_regression_test_predictions.csv,-1.0,-0.61,1,7,DJF,JJA
2021-02-01,2021-08-01,-0.53,-0.28331175,0.24668822,6,regression,lstm_tuned_wide,/work/ext/st12/shap-enso/data/tuned_wide/lstm/lead06_regression,/work/ext/st12/shap-enso/data/tuned_wide/lstm/lead06_regression/predictions/lstm_lead06_regression_test_predictions.csv,-1.0,-0.47,2,8,DJF,JJA
2021-03-01,2021-09-01,-0.55,-0.06702325,0.48297676,6,regression,lstm_tuned_wide,/work/ext/st12/shap-enso/data/tuned_wide/lstm/lead06_regression,/work/ext/st12/shap-enso/data/tuned_wide/lstm/lead06_regression/predictions/lstm_lead06_regression_test_predictions.csv,-0.8,-0.25,3,9,MAM,SON
2021-04-01,2021-10-01,-0.94,0.12929627,1.0692962,6,regression,lstm_tuned_wide,/work/ext/st12/shap-enso/data/tuned_wide/lstm/lead06_regression,/work/ext/st12/shap-enso/data/tuned_wide/lstm/lead06_regression/predictions/lstm_lead06_regression_test_predictions.csv,-0.72,0.21999999999999997,4,10,MAM,SON
2021-05-01,2021-11-01,-0.94,-0.034681544,0.90531844,6,regression,lstm_tuned_wide,/work/ext/st12/shap-enso/data/tuned_wide/lstm/lead06_regression,/work/ext/st12/shap-enso/data/tuned_wide/lstm/lead06_regression/predictions/lstm_lead06_regression_test_predictions.csv,-0.46,0.4799999999999999,5,11,MAM,SON
2021-06-01,2021-12-01,-1.06,-0.05864663,1.0013533,6,regression,lstm_tuned_wide,/work/ext/st12/shap-enso/data/tuned_wide/lstm/lead06_regression,/work/ext/st12/shap-enso/data/tuned_wide/lstm/lead06_regression/predictions/lstm_lead06_regression_test_predictions.csv,-0.28,0.78,6,12,JJA,DJF
2021-07-01,2022-01-01,-0.94,-0.20567134,0.7343286,6,regression,lstm_tuned_wide,/work/ext/st12/shap-enso/data/tuned_wide/lstm/lead06_regression,/work/ext/st12/shap-enso/data/tuned_wide/lstm/lead06_regression/predictions/lstm_lead06_regression_test_predictions.csv,-0.39,0.5499999999999999,7,1,JJA,DJF
2021-08-01,2022-02-01,-0.89,-0.21786287,0.67213714,6,regression,lstm_tuned_wide,/work/ext/st12/shap-enso/data/tuned_wide/lstm/lead06_regression,/work/ext/st12/shap-enso/data/tuned_wide/lstm/lead06_regression/predictions/lstm_lead06_regression_test_predictions.csv,-0.53,0.36,8,2,JJA,DJF
2021-09-01,2022-03-01,-0.97,-0.44122913,0.5287709,6,regression,lstm_tuned_wide,/work/ext/st12/shap-enso/data/tuned_wide/lstm/lead06_regression,/work/ext/st12/shap-enso/data/tuned_wide/lstm/lead06_regression/predictions/lstm_lead06_regression_test_predictions.csv,-0.55,0.41999999999999993,9,3,SON,MAM
2021-10-01,2022-04-01,-1.11,-0.46857417,0.64142585,6,regression,lstm_tuned_wide,/work/ext/st12/shap-enso/data/tuned_wide/lstm/lead06_regression,/work/ext/st12/shap-enso/data/tuned_wide/lstm/lead06_regression/predictions/lstm_lead06_regression_test_predictions.csv,-0.94,0.17000000000000015,10,4,SON,MAM
2021-11-01,2022-05-01,-1.11,-0.5563479,0.5536521,6,regression,lstm_tuned_wide,/work/ext/st12/shap-enso/data/tuned_wide/lstm/lead06_regression,/work/ext/st12/shap-enso/data/tuned_wide/lstm/lead06_regression/predictions/lstm_lead06_regression_test_predictions.csv,-0.94,0.17000000000000015,11,5,SON,MAM
2021-12-01,2022-06-01,-0.75,-0.42539334,0.32460666,6,regression,lstm_tuned_wide,/work/ext/st12/shap-enso/data/tuned_wide/lstm/lead06_regression,/work/ext/st12/shap-enso/data/tuned_wide/lstm/lead06_regression/predictions/lstm_lead06_regression_test_predictions.csv,-1.06,-0.31000000000000005,12,6,DJF,JJA
2022-01-01,2022-07-01,-0.69,-0.2663014,0.4236986,6,regression,lstm_tuned_wide,/work/ext/st12/shap-enso/data/tuned_wide/lstm/lead06_regression,/work/ext/st12/shap-enso/data/tuned_wide/lstm/lead06_regression/predictions/lstm_lead06_regression_test_predictions.csv,-0.94,-0.25,1,7,DJF,JJA
2022-02-01,2022-08-01,-0.97,-0.31779543,0.65220463,6,regression,lstm_tuned_wide,/work/ext/st12/shap-enso/data/tuned_wide/lstm/lead06_regression,/work/ext/st12/shap-enso/data/tuned_wide/lstm/lead06_regression/predictions/lstm_lead06_regression_test_predictions.csv,-0.89,0.07999999999999996,2,8,DJF,JJA
2022-03-01,2022-09-01,-1.07,-0.31816906,0.751831,6,regression,lstm_tuned_wide,/work/ext/st12/shap-enso/data/tuned_wide/lstm/lead06_regression,/work/ext/st12/shap-enso/data/tuned_wide/lstm/lead06_regression/predictions/lstm_lead06_regression_test_predictions.csv,-0.97,0.10000000000000009,3,9,MAM,SON
2022-04-01,2022-10-01,-0.99,-0.2503784,0.73962164,6,regression,lstm_tuned_wide,/work/ext/st12/shap-enso/data/tuned_wide/lstm/lead06_regression,/work/ext/st12/shap-enso/data/tuned_wide/lstm/lead06_regression/predictions/lstm_lead06_regression_test_predictions.csv,-1.11,-0.1200000000000001,4,10,MAM,SON
2022-05-01,2022-11-01,-0.9,-0.3264768,0.57352316,6,regression,lstm_tuned_wide,/work/ext/st12/shap-enso/data/tuned_wide/lstm/lead06_regression,/work/ext/st12/shap-enso/data/tuned_wide/lstm/lead06_regression/predictions/lstm_lead06_regression_test_predictions.csv,-1.11,-0.21000000000000008,5,11,MAM,SON
2022-06-01,2022-12-01,-0.85,-0.2910637,0.55893636,6,regression,lstm_tuned_wide,/work/ext/st12/shap-enso/data/tuned_wide/lstm/lead06_regression,/work/ext/st12/shap-enso/data/tuned_wide/lstm/lead06_regression/predictions/lstm_lead06_regression_test_predictions.csv,-0.75,0.09999999999999998,6,12,JJA,DJF
2022-07-01,2023-01-01,-0.72,-0.39524513,0.3247549,6,regression,lstm_tuned_wide,/work/ext/st12/shap-enso/data/tuned_wide/lstm/lead06_regression,/work/ext/st12/shap-enso/data/tuned_wide/lstm/lead06_regression/predictions/lstm_lead06_regression_test_predictions.csv,-0.69,0.030000000000000027,7,1,JJA,DJF
2022-08-01,2023-02-01,-0.46,-0.3738501,0.0861499,6,regression,lstm_tuned_wide,/work/ext/st12/shap-enso/data/tuned_wide/lstm/lead06_regression,/work/ext/st12/shap-enso/data/tuned_wide/lstm/lead06_regression/predictions/lstm_lead06_regression_test_predictions.csv,-0.97,-0.51,8,2,JJA,DJF
2022-09-01,2023-03-01,-0.11,-0.45792136,-0.34792137,6,regression,lstm_tuned_wide,/work/ext/st12/shap-enso/data/tuned_wide/lstm/lead06_regression,/work/ext/st12/shap-enso/data/tuned_wide/lstm/lead06_regression/predictions/lstm_lead06_regression_test_predictions.csv,-1.07,-0.9600000000000001,9,3,SON,MAM
2022-10-01,2023-04-01,0.14,-0.5298099,-0.6698099,6,regression,lstm_tuned_wide,/work/ext/st12/shap-enso/data/tuned_wide/lstm/lead06_regression,/work/ext/st12/shap-enso/data/tuned_wide/lstm/lead06_regression/predictions/lstm_lead06_regression_test_predictions.csv,-0.99,-1.13,10,4,SON,MAM
2022-11-01,2023-05-01,0.46,-0.48278216,-0.94278216,6,regression,lstm_tuned_wide,/work/ext/st12/shap-enso/data/tuned_wide/lstm/lead06_regression,/work/ext/st12/shap-enso/data/tuned_wide/lstm/lead06_regression/predictions/lstm_lead06_regression_test_predictions.csv,-0.9,-1.36,11,5,SON,MAM
2022-12-01,2023-06-01,0.84,-0.35663828,-1.1966382,6,regression,lstm_tuned_wide,/work/ext/st12/shap-enso/data/tuned_wide/lstm/lead06_regression,/work/ext/st12/shap-enso/data/tuned_wide/lstm/lead06_regression/predictions/lstm_lead06_regression_test_predictions.csv,-0.85,-1.69,12,6,DJF,JJA
2023-01-01,2023-07-01,1.02,-0.22084752,-1.2408475,6,regression,lstm_tuned_wide,/work/ext/st12/shap-enso/data/tuned_wide/lstm/lead06_regression,/work/ext/st12/shap-enso/data/tuned_wide/lstm/lead06_regression/predictions/lstm_lead06_regression_test_predictions.csv,-0.72,-1.74,1,7,DJF,JJA
2023-02-01,2023-08-01,1.35,0.08309914,-1.2669009,6,regression,lstm_tuned_wide,/work/ext/st12/shap-enso/data/tuned_wide/lstm/lead06_regression,/work/ext/st12/shap-enso/data/tuned_wide/lstm/lead06_regression/predictions/lstm_lead06_regression_test_predictions.csv,-0.46,-1.81,2,8,DJF,JJA
2023-03-01,2023-09-01,1.6,0.47992912,-1.1200709,6,regression,lstm_tuned_wide,/work/ext/st12/shap-enso/data/tuned_wide/lstm/lead06_regression,/work/ext/st12/shap-enso/data/tuned_wide/lstm/lead06_regression/predictions/lstm_lead06_regression_test_predictions.csv,-0.11,-1.7100000000000002,3,9,MAM,SON
2023-04-01,2023-10-01,1.72,0.99348474,-0.7265153,6,regression,lstm_tuned_wide,/work/ext/st12/shap-enso/data/tuned_wide/lstm/lead06_regression,/work/ext/st12/shap-enso/data/tuned_wide/lstm/lead06_regression/predictions/lstm_lead06_regression_test_predictions.csv,0.14,-1.58,4,10,MAM,SON
2023-05-01,2023-11-01,2.02,1.2560883,-0.7639117,6,regression,lstm_tuned_wide,/work/ext/st12/shap-enso/data/tuned_wide/lstm/lead06_regression,/work/ext/st12/shap-enso/data/tuned_wide/lstm/lead06_regression/predictions/lstm_lead06_regression_test_predictions.csv,0.46,-1.56,5,11,MAM,SON
2023-06-01,2023-12-01,2.03,1.2635815,-0.76641846,6,regression,lstm_tuned_wide,/work/ext/st12/shap-enso/data/tuned_wide/lstm/lead06_regression,/work/ext/st12/shap-enso/data/tuned_wide/lstm/lead06_regression/predictions/lstm_lead06_regression_test_predictions.csv,0.84,-1.19,6,12,JJA,DJF
2015-01-01,2016-01-01,2.57,0.07787069,-2.4921293,12,regression,lstm_tuned_wide,/work/ext/st12/shap-enso/data/tuned_wide/lstm/lead12_regression,/work/ext/st12/shap-enso/data/tuned_wide/lstm/lead12_regression/predictions/lstm_lead12_regression_test_predictions.csv,0.51,-2.0599999999999996,1,1,DJF,DJF
2015-02-01,2016-02-01,2.26,0.09579041,-2.1642096,12,regression,lstm_tuned_wide,/work/ext/st12/shap-enso/data/tuned_wide/lstm/lead12_regression,/work/ext/st12/shap-enso/data/tuned_wide/lstm/lead12_regression/predictions/lstm_lead12_regression_test_predictions.csv,0.42,-1.8399999999999999,2,2,DJF,DJF
2015-03-01,2016-03-01,1.62,0.1004188,-1.5195812,12,regression,lstm_tuned_wide,/work/ext/st12/shap-enso/data/tuned_wide/lstm/lead12_regression,/work/ext/st12/shap-enso/data/tuned_wide/lstm/lead12_regression/predictions/lstm_lead12_regression_test_predictions.csv,0.47,-1.1500000000000001,3,3,MAM,MAM
2015-04-01,2016-04-01,0.91,0.041494988,-0.86850506,12,regression,lstm_tuned_wide,/work/ext/st12/shap-enso/data/tuned_wide/lstm/lead12_regression,/work/ext/st12/shap-enso/data/tuned_wide/lstm/lead12_regression/predictions/lstm_lead12_regression_test_predictions.csv,0.7,-0.21000000000000008,4,4,MAM,MAM
2015-05-01,2016-05-01,0.3,-0.08488374,-0.38488376,12,regression,lstm_tuned_wide,/work/ext/st12/shap-enso/data/tuned_wide/lstm/lead12_regression,/work/ext/st12/shap-enso/data/tuned_wide/lstm/lead12_regression/predictions/lstm_lead12_regression_test_predictions.csv,0.92,0.6200000000000001,5,5,MAM,MAM
2015-06-01,2016-06-01,-0.03,-0.18465701,-0.154657,12,regression,lstm_tuned_wide,/work/ext/st12/shap-enso/data/tuned_wide/lstm/lead12_regression,/work/ext/st12/shap-enso/data/tuned_wide/lstm/lead12_regression/predictions/lstm_lead12_regression_test_predictions.csv,1.18,1.21,6,6,JJA,JJA
2015-07-01,2016-07-01,-0.48,-0.22382662,0.25617337,12,regression,lstm_tuned_wide,/work/ext/st12/shap-enso/data/tuned_wide/lstm/lead12_regression,/work/ext/st12/shap-enso/data/tuned_wide/lstm/lead12_regression/predictions/lstm_lead12_regression_test_predictions.csv,1.46,1.94,7,7,JJA,JJA
2015-08-01,2016-08-01,-0.58,-0.26415306,0.31584692,12,regression,lstm_tuned_wide,/work/ext/st12/shap-enso/data/tuned_wide/lstm/lead12_regression,/work/ext/st12/shap-enso/data/tuned_wide/lstm/lead12_regression/predictions/lstm_lead12_regression_test_predictions.csv,1.93,2.51,8,8,JJA,JJA
2015-09-01,2016-09-01,-0.58,-0.29682356,0.28317642,12,regression,lstm_tuned_wide,/work/ext/st12/shap-enso/data/tuned_wide/lstm/lead12_regression,/work/ext/st12/shap-enso/data/tuned_wide/lstm/lead12_regression/predictions/lstm_lead12_regression_test_predictions.csv,2.21,2.79,9,9,SON,SON
2015-10-01,2016-10-01,-0.74,-0.3173662,0.4226338,12,regression,lstm_tuned_wide,/work/ext/st12/shap-enso/data/tuned_wide/lstm/lead12_regression,/work/ext/st12/shap-enso/data/tuned_wide/lstm/lead12_regression/predictions/lstm_lead12_regression_test_predictions.csv,2.36,3.0999999999999996,10,10,SON,SON
2015-11-01,2016-11-01,-0.76,-0.34023705,0.41976294,12,regression,lstm_tuned_wide,/work/ext/st12/shap-enso/data/tuned_wide/lstm/lead12_regression,/work/ext/st12/shap-enso/data/tuned_wide/lstm/lead12_regression/predictions/lstm_lead12_regression_test_predictions.csv,2.72,3.4800000000000004,11,11,SON,SON
2015-12-01,2016-12-01,-0.5,-0.35441023,0.14558977,12,regression,lstm_tuned_wide,/work/ext/st12/shap-enso/data/tuned_wide/lstm/lead12_regression,/work/ext/st12/shap-enso/data/tuned_wide/lstm/lead12_regression/predictions/lstm_lead12_regression_test_predictions.csv,2.66,3.16,12,12,DJF,DJF
2016-01-01,2017-01-01,-0.43,-0.35389763,0.076102376,12,regression,lstm_tuned_wide,/work/ext/st12/shap-enso/data/tuned_wide/lstm/lead12_regression,/work/ext/st12/shap-enso/data/tuned_wide/lstm/lead12_regression/predictions/lstm_lead12_regression_test_predictions.csv,2.57,3.0,1,1,DJF,DJF
2016-02-01,2017-02-01,-0.08,-0.34629488,-0.2662949,12,regression,lstm_tuned_wide,/work/ext/st12/shap-enso/data/tuned_wide/lstm/lead12_regression,/work/ext/st12/shap-enso/data/tuned_wide/lstm/lead12_regression/predictions/lstm_lead12_regression_test_predictions.csv,2.26,2.34,2,2,DJF,DJF
2016-03-01,2017-03-01,0.03,-0.3280579,-0.3580579,12,regression,lstm_tuned_wide,/work/ext/st12/shap-enso/data/tuned_wide/lstm/lead12_regression,/work/ext/st12/shap-enso/data/tuned_wide/lstm/lead12_regression/predictions/lstm_lead12_regression_test_predictions.csv,1.62,1.59,3,3,MAM,MAM
2016-04-01,2017-04-01,0.22,-0.30835858,-0.5283586,12,regression,lstm_tuned_wide,/work/ext/st12/shap-enso/data/tuned_wide/lstm/lead12_regression,/work/ext/st12/shap-enso/data/tuned_wide/lstm/lead12_regression/predictions/lstm_lead12_regression_test_predictions.csv,0.91,0.6900000000000001,4,4,MAM,MAM
2016-05-01,2017-05-01,0.37,-0.28207397,-0.652074,12,regression,lstm_tuned_wide,/work/ext/st12/shap-enso/data/tuned_wide/lstm/lead12_regression,/work/ext/st12/shap-enso/data/tuned_wide/lstm/lead12_regression/predictions/lstm_lead12_regression_test_predictions.csv,0.3,-0.07,5,5,MAM,MAM
2016-06-01,2017-06-01,0.34,-0.26751566,-0.6075157,12,regression,lstm_tuned_wide,/work/ext/st12/shap-enso/data/tuned_wide/lstm/lead12_regression,/work/ext/st12/shap-enso/data/tuned_wide/lstm/lead12_regression/predictions/lstm_lead12_regression_test_predictions.csv,-0.03,-0.37,6,6,JJA,JJA
2016-07-01,2017-07-01,0.25,-0.2647228,-0.5147228,12,regression,lstm_tuned_wide,/work/ext/st12/shap-enso/data/tuned_wide/lstm/lead12_regression,/work/ext/st12/shap-enso/data/tuned_wide/lstm/lead12_regression/predictions/lstm_lead12_regression_test_predictions.csv,-0.48,-0.73,7,7,JJA,JJA
2016-08-01,2017-08-01,-0.16,-0.26780084,-0.10780084,12,regression,lstm_tuned_wide,/work/ext/st12/shap-enso/data/tuned_wide/lstm/lead12_regression,/work/ext/st12/shap-enso/data/tuned_wide/lstm/lead12_regression/predictions/lstm_lead12_regression_test_predictions.csv,-0.58,-0.41999999999999993,8,8,JJA,JJA
2016-09-01,2017-09-01,-0.43,-0.28090796,0.14909205,12,regression,lstm_tuned_wide,/work/ext/st12/shap-enso/data/tuned_wide/lstm/lead12_regression,/work/ext/st12/shap-enso/data/tuned_wide/lstm/lead12_regression/predictions/lstm_lead12_regression_test_predictions.csv,-0.58,-0.14999999999999997,9,9,SON,SON
2016-10-01,2017-10-01,-0.56,-0.2818891,0.2781109,12,regression,lstm_tuned_wide,/work/ext/st12/shap-enso/data/tuned_wide/lstm/lead12_regression,/work/ext/st12/shap-enso/data/tuned_wide/lstm/lead12_regression/predictions/lstm_lead12_regression_test_predictions.csv,-0.74,-0.17999999999999994,10,10,SON,SON
2016-11-01,2017-11-01,-0.97,-0.27082047,0.69917953,12,regression,lstm_tuned_wide,/work/ext/st12/shap-enso/data/tuned_wide/lstm/lead12_regression,/work/ext/st12/shap-enso/data/tuned_wide/lstm/lead12_regression/predictions/lstm_lead12_regression_test_predictions.csv,-0.76,0.20999999999999996,11,11,SON,SON
2016-12-01,2017-12-01,-0.98,-0.2440682,0.7359318,12,regression,lstm_tuned_wide,/work/ext/st12/shap-enso/data/tuned_wide/lstm/lead12_regression,/work/ext/st12/shap-enso/data/tuned_wide/lstm/lead12_regression/predictions/lstm_lead12_regression_test_predictions.csv,-0.5,0.48,12,12,DJF,DJF
2017-01-01,2018-01-01,-0.98,-0.2239888,0.75601125,12,regression,lstm_tuned_wide,/work/ext/st12/shap-enso/data/tuned_wide/lstm/lead12_regression,/work/ext/st12/shap-enso/data/tuned_wide/lstm/lead12_regression/predictions/lstm_lead12_regression_test_predictions.csv,-0.43,0.55,1,1,DJF,DJF
2017-02-01,2018-02-01,-0.78,-0.19229157,0.5877084,12,regression,lstm_tuned_wide,/work/ext/st12/shap-enso/data/tuned_wide/lstm/lead12_regression,/work/ext/st12/shap-enso/data/tuned_wide/lstm/lead12_regression/predictions/lstm_lead12_regression_test_predictions.csv,-0.08,0.7000000000000001,2,2,DJF,DJF
2017-03-01,2018-03-01,-0.8,-0.19101357,0.60898644,12,regression,lstm_tuned_wide,/work/ext/st12/shap-enso/data/tuned_wide/lstm/lead12_regression,/work/ext/st12/shap-enso/data/tuned_wide/lstm/lead12_regression/predictions/lstm_lead12_regression_test_predictions.csv,0.03,0.8300000000000001,3,3,MAM,MAM
2017-04-01,2018-04-01,-0.51,-0.17935084,0.33064914,12,regression,lstm_tuned_wide,/work/ext/st12/shap-enso/data/tuned_wide/lstm/lead12_regression,/work/ext/st12/shap-enso/data/tuned_wide/lstm/lead12_regression/predictions/lstm_lead12_regression_test_predictions.csv,0.22,0.73,4,4,MAM,MAM
2017-05-01,2018-05-01,-0.2,-0.17317778,0.026822224,12,regression,lstm_tuned_wide,/work/ext/st12/shap-enso/data/tuned_wide/lstm/lead12_regression,/work/ext/st12/shap-enso/data/tuned_wide/lstm/lead12_regression/predictions/lstm_lead12_regression_test_predictions.csv,0.37,0.5700000000000001,5,5,MAM,MAM
2017-06-01,2018-06-01,0.04,-0.16738044,-0.20738044,12,regression,lstm_tuned_wide,/work/ext/st12/shap-enso/data/tuned_wide/lstm/lead12_regression,/work/ext/st12/shap-enso/data/tuned_wide/lstm/lead12_regression/predictions/lstm_lead12_regression_test_predictions.csv,0.34,0.30000000000000004,6,6,JJA,JJA
2017-07-01,2018-07-01,0.12,-0.14444064,-0.26444063,12,regression,lstm_tuned_wide,/work/ext/st12/shap-enso/data/tuned_wide/lstm/lead12_regression,/work/ext/st12/shap-enso/data/tuned_wide/lstm/lead12_regression/predictions/lstm_lead12_regression_test_predictions.csv,0.25,0.13,7,7,JJA,JJA
2017-08-01,2018-08-01,0.09,-0.071320735,-0.16132075,12,regression,lstm_tuned_wide,/work/ext/st12/shap-enso/data/tuned_wide/lstm/lead12_regression,/work/ext/st12/shap-enso/data/tuned_wide/lstm/lead12_regression/predictions/lstm_lead12_regression_test_predictions.csv,-0.16,-0.25,8,8,JJA,JJA
2017-09-01,2018-09-01,0.47,0.037615404,-0.4323846,12,regression,lstm_tuned_wide,/work/ext/st12/shap-enso/data/tuned_wide/lstm/lead12_regression,/work/ext/st12/shap-enso/data/tuned_wide/lstm/lead12_regression/predictions/lstm_lead12_regression_test_predictions.csv,-0.43,-0.8999999999999999,9,9,SON,SON
2017-10-01,2018-10-01,0.9,0.1741252,-0.7258748,12,regression,lstm_tuned_wide,/work/ext/st12/shap-enso/data/tuned_wide/lstm/lead12_regression,/work/ext/st12/shap-enso/data/tuned_wide/lstm/lead12_regression/predictions/lstm_lead12_regression_test_predictions.csv,-0.56,-1.46,10,10,SON,SON
2017-11-01,2018-11-01,0.9,0.23907849,-0.66092145,12,regression,lstm_tuned_wide,/work/ext/st12/shap-enso/data/tuned_wide/lstm/lead12_regression,/work/ext/st12/shap-enso/data/tuned_wide/lstm/lead12_regression/predictions/lstm_lead12_regression_test_predictions.csv,-0.97,-1.87,11,11,SON,SON
2017-12-01,2018-12-01,0.89,0.33890185,-0.5510981,12,regression,lstm_tuned_wide,/work/ext/st12/shap-enso/data/tuned_wide/lstm/lead12_regression,/work/ext/st12/shap-enso/data/tuned_wide/lstm/lead12_regression/predictions/lstm_lead12_regression_test_predictions.csv,-0.98,-1.87,12,12,DJF,DJF
2018-01-01,2019-01-01,0.65,0.3909405,-0.2590595,12,regression,lstm_tuned_wide,/work/ext/st12/shap-enso/data/tuned_wide/lstm/lead12_regression,/work/ext/st12/shap-enso/data/tuned_wide/lstm/lead12_regression/predictions/lstm_lead12_regression_test_predictions.csv,-0.98,-1.63,1,1,DJF,DJF
2018-02-01,2019-02-01,0.71,0.4621649,-0.24783507,12,regression,lstm_tuned_wide,/work/ext/st12/shap-enso/data/tuned_wide/lstm/lead12_regression,/work/ext/st12/shap-enso/data/tuned_wide/lstm/lead12_regression/predictions/lstm_lead12_regression_test_predictions.csv,-0.78,-1.49,2,2,DJF,DJF
2018-03-01,2019-03-01,0.81,0.5577857,-0.2522143,12,regression,lstm_tuned_wide,/work/ext/st12/shap-enso/data/tuned_wide/lstm/lead12_regression,/work/ext/st12/shap-enso/data/tuned_wide/lstm/lead12_regression/predictions/lstm_lead12_regression_test_predictions.csv,-0.8,-1.61,3,3,MAM,MAM
2018-04-01,2019-04-01,0.62,0.7143084,0.09430838,12,regression,lstm_tuned_wide,/work/ext/st12/shap-enso/data/tuned_wide/lstm/lead12_regression,/work/ext/st12/shap-enso/data/tuned_wide/lstm/lead12_regression/predictions/lstm_lead12_regression_test_predictions.csv,-0.51,-1.13,4,4,MAM,MAM
2018-05-01,2019-05-01,0.55,0.772106,0.22210598,12,regression,lstm_tuned_wide,/work/ext/st12/shap-enso/data/tuned_wide/lstm/lead12_regression,/work/ext/st12/shap-enso/data/tuned_wide/lstm/lead12_regression/predictions/lstm_lead12_regression_test_predictions.csv,-0.2,-0.75,5,5,MAM,MAM
2018-06-01,2019-06-01,0.45,0.8066957,0.3566957,12,regression,lstm_tuned_wide,/work/ext/st12/shap-enso/data/tuned_wide/lstm/lead12_regression,/work/ext/st12/shap-enso/data/tuned_wide/lstm/lead12_regression/predictions/lstm_lead12_regression_test_predictions.csv,0.04,-0.41000000000000003,6,6,JJA,JJA
2018-07-01,2019-07-01,0.35,0.8462898,0.49628982,12,regression,lstm_tuned_wide,/work/ext/st12/shap-enso/data/tuned_wide/lstm/lead12_regression,/work/ext/st12/shap-enso/data/tuned_wide/lstm/lead12_regression/predictions/lstm_lead12_regression_test_predictions.csv,0.12,-0.22999999999999998,7,7,JJA,JJA
2018-08-01,2019-08-01,0.04,0.85246015,0.8124601,12,regression,lstm_tuned_wide,/work/ext/st12/shap-enso/data/tuned_wide/lstm/lead12_regression,/work/ext/st12/shap-enso/data/tuned_wide/lstm/lead12_regression/predictions/lstm_lead12_regression_test_predictions.csv,0.09,0.049999999999999996,8,8,JJA,JJA
2018-09-01,2019-09-01,0.03,0.8227253,0.7927253,12,regression,lstm_tuned_wide,/work/ext/st12/shap-enso/data/tuned_wide/lstm/lead12_regression,/work/ext/st12/shap-enso/data/tuned_wide/lstm/lead12_regression/predictions/lstm_lead12_regression_test_predictions.csv,0.47,0.43999999999999995,9,9,SON,SON
2018-10-01,2019-10-01,0.48,0.6773692,0.19736919,12,regression,lstm_tuned_wide,/work/ext/st12/shap-enso/data/tuned_wide/lstm/lead12_regression,/work/ext/st12/shap-enso/data/tuned_wide/lstm/lead12_regression/predictions/lstm_lead12_regression_test_predictions.csv,0.9,0.42000000000000004,10,10,SON,SON
2018-11-01,2019-11-01,0.52,0.49762163,-0.022378355,12,regression,lstm_tuned_wide,/work/ext/st12/shap-enso/data/tuned_wide/lstm/lead12_regression,/work/ext/st12/shap-enso/data/tuned_wide/lstm/lead12_regression/predictions/lstm_lead12_regression_test_predictions.csv,0.9,0.38,11,11,SON,SON
2018-12-01,2019-12-01,0.52,0.33778802,-0.18221197,12,regression,lstm_tuned_wide,/work/ext/st12/shap-enso/data/tuned_wide/lstm/lead12_regression,/work/ext/st12/shap-enso/data/tuned_wide/lstm/lead12_regression/predictions/lstm_lead12_regression_test_predictions.csv,0.89,0.37,12,12,DJF,DJF
2019-01-01,2020-01-01,0.6,0.21268779,-0.38731223,12,regression,lstm_tuned_wide,/work/ext/st12/shap-enso/data/tuned_wide/lstm/lead12_regression,/work/ext/st12/shap-enso/data/tuned_wide/lstm/lead12_regression/predictions/lstm_lead12_regression_test_predictions.csv,0.65,0.050000000000000044,1,1,DJF,DJF
2019-02-01,2020-02-01,0.37,0.07980444,-0.29019555,12,regression,lstm_tuned_wide,/work/ext/st12/shap-enso/data/tuned_wide/lstm/lead12_regression,/work/ext/st12/shap-enso/data/tuned_wide/lstm/lead12_regression/predictions/lstm_lead12_regression_test_predictions.csv,0.71,0.33999999999999997,2,2,DJF,DJF
2019-03-01,2020-03-01,0.48,0.016333997,-0.463666,12,regression,lstm_tuned_wide,/work/ext/st12/shap-enso/data/tuned_wide/lstm/lead12_regression,/work/ext/st12/shap-enso/data/tuned_wide/lstm/lead12_regression/predictions/lstm_lead12_regression_test_predictions.csv,0.81,0.33000000000000007,3,3,MAM,MAM
2019-04-01,2020-04-01,0.36,-0.03306,-0.39306003,12,regression,lstm_tuned_wide,/work/ext/st12/shap-enso/data/tuned_wide/lstm/lead12_regression,/work/ext/st12/shap-enso/data/tuned_wide/lstm/lead12_regression/predictions/lstm_lead12_regression_test_predictions.csv,0.62,0.26,4,4,MAM,MAM
2019-05-01,2020-05-01,-0.27,-0.08269104,0.18730897,12,regression,lstm_tuned_wide,/work/ext/st12/shap-enso/data/tuned_wide/lstm/lead12_regression,/work/ext/st12/shap-enso/data/tuned_wide/lstm/lead12_regression/predictions/lstm_lead12_regression_test_predictions.csv,0.55,0.8200000000000001,5,5,MAM,MAM
2019-06-01,2020-06-01,-0.34,-0.06331593,0.27668408,12,regression,lstm_tuned_wide,/work/ext/st12/shap-enso/data/tuned_wide/lstm/lead12_regression,/work/ext/st12/shap-enso/data/tuned_wide/lstm/lead12_regression/predictions/lstm_lead12_regression_test_predictions.csv,0.45,0.79,6,6,JJA,JJA
2019-07-01,2020-07-01,-0.3,-0.011768132,0.28823188,12,regression,lstm_tuned_wide,/work/ext/st12/shap-enso/data/tuned_wide/lstm/lead12_regression,/work/ext/st12/shap-enso/data/tuned_wide/lstm/lead12_regression/predictions/lstm_lead12_regression_test_predictions.csv,0.35,0.6499999999999999,7,7,JJA,JJA
2019-08-01,2020-08-01,-0.59,0.10343882,0.69343877,12,regression,lstm_tuned_wide,/work/ext/st12/shap-enso/data/tuned_wide/lstm/lead12_regression,/work/ext/st12/shap-enso/data/tuned_wide/lstm/lead12_regression/predictions/lstm_lead12_regression_test_predictions.csv,0.04,0.63,8,8,JJA,JJA
2019-09-01,2020-09-01,-0.83,0.2494224,1.0794224,12,regression,lstm_tuned_wide,/work/ext/st12/shap-enso/data/tuned_wide/lstm/lead12_regression,/work/ext/st12/shap-enso/data/tuned_wide/lstm/lead12_regression/predictions/lstm_lead12_regression_test_predictions.csv,0.03,0.86,9,9,SON,SON
2019-10-01,2020-10-01,-1.26,0.36183852,1.6218386,12,regression,lstm_tuned_wide,/work/ext/st12/shap-enso/data/tuned_wide/lstm/lead12_regression,/work/ext/st12/shap-enso/data/tuned_wide/lstm/lead12_regression/predictions/lstm_lead12_regression_test_predictions.csv,0.48,1.74,10,10,SON,SON
2019-11-01,2020-11-01,-1.42,0.47304735,1.8930473,12,regression,lstm_tuned_wide,/work/ext/st12/shap-enso/data/tuned_wide/lstm/lead12_regression,/work/ext/st12/shap-enso/data/tuned_wide/lstm/lead12_regression/predictions/lstm_lead12_regression_test_predictions.csv,0.52,1.94,11,11,SON,SON
2019-12-01,2020-12-01,-1.15,0.4714875,1.6214875,12,regression,lstm_tuned_wide,/work/ext/st12/shap-enso/data/tuned_wide/lstm/lead12_regression,/work/ext/st12/shap-enso/data/tuned_wide/lstm/lead12_regression/predictions/lstm_lead12_regression_test_predictions.csv,0.52,1.67,12,12,DJF,DJF
2020-01-01,2021-01-01,-1.0,0.42762864,1.4276286,12,regression,lstm_tuned_wide,/work/ext/st12/shap-enso/data/tuned_wide/lstm/lead12_regression,/work/ext/st12/shap-enso/data/tuned_wide/lstm/lead12_regression/predictions/lstm_lead12_regression_test_predictions.csv,0.6,1.6,1,1,DJF,DJF
2020-02-01,2021-02-01,-1.0,0.32782632,1.3278263,12,regression,lstm_tuned_wide,/work/ext/st12/shap-enso/data/tuned_wide/lstm/lead12_regression,/work/ext/st12/shap-enso/data/tuned_wide/lstm/lead12_regression/predictions/lstm_lead12_regression_test_predictions.csv,0.37,1.37,2,2,DJF,DJF
2020-03-01,2021-03-01,-0.8,0.19204718,0.9920472,12,regression,lstm_tuned_wide,/work/ext/st12/shap-enso/data/tuned_wide/lstm/lead12_regression,/work/ext/st12/shap-enso/data/tuned_wide/lstm/lead12_regression/predictions/lstm_lead12_regression_test_predictions.csv,0.48,1.28,3,3,MAM,MAM
2020-04-01,2021-04-01,-0.72,0.104310565,0.8243106,12,regression,lstm_tuned_wide,/work/ext/st12/shap-enso/data/tuned_wide/lstm/lead12_regression,/work/ext/st12/shap-enso/data/tuned_wide/lstm/lead12_regression/predictions/lstm_lead12_regression_test_predictions.csv,0.36,1.08,4,4,MAM,MAM
2020-05-01,2021-05-01,-0.46,0.10178103,0.56178105,12,regression,lstm_tuned_wide,/work/ext/st12/shap-enso/data/tuned_wide/lstm/lead12_regression,/work/ext/st12/shap-enso/data/tuned_wide/lstm/lead12_regression/predictions/lstm_lead12_regression_test_predictions.csv,-0.27,0.19,5,5,MAM,MAM
2020-06-01,2021-06-01,-0.28,0.15218788,0.43218789,12,regression,lstm_tuned_wide,/work/ext/st12/shap-enso/data/tuned_wide/lstm/lead12_regression,/work/ext/st12/shap-enso/data/tuned_wide/lstm/lead12_regression/predictions/lstm_lead12_regression_test_predictions.csv,-0.34,-0.06,6,6,JJA,JJA
2020-07-01,2021-07-01,-0.39,0.27495795,0.66495794,12,regression,lstm_tuned_wide,/work/ext/st12/shap-enso/data/tuned_wide/lstm/lead12_regression,/work/ext/st12/shap-enso/data/tuned_wide/lstm/lead12_regression/predictions/lstm_lead12_regression_test_predictions.csv,-0.3,0.09000000000000002,7,7,JJA,JJA
2020-08-01,2021-08-01,-0.53,0.32983777,0.8598378,12,regression,lstm_tuned_wide,/work/ext/st12/shap-enso/data/tuned_wide/lstm/lead12_regression,/work/ext/st12/shap-enso/data/tuned_wide/lstm/lead12_regression/predictions/lstm_lead12_regression_test_predictions.csv,-0.59,-0.05999999999999994,8,8,JJA,JJA
2020-09-01,2021-09-01,-0.55,0.4094845,0.9594845,12,regression,lstm_tuned_wide,/work/ext/st12/shap-enso/data/tuned_wide/lstm/lead12_regression,/work/ext/st12/shap-enso/data/tuned_wide/lstm/lead12_regression/predictions/lstm_lead12_regression_test_predictions.csv,-0.83,-0.2799999999999999,9,9,SON,SON
2020-10-01,2021-10-01,-0.94,0.46908692,1.409087,12,regression,lstm_tuned_wide,/work/ext/st12/shap-enso/data/tuned_wide/lstm/lead12_regression,/work/ext/st12/shap-enso/data/tuned_wide/lstm/lead12_regression/predictions/lstm_lead12_regression_test_predictions.csv,-1.26,-0.32000000000000006,10,10,SON,SON
2020-11-01,2021-11-01,-0.94,0.434002,1.374002,12,regression,lstm_tuned_wide,/work/ext/st12/shap-enso/data/tuned_wide/lstm/lead12_regression,/work/ext/st12/shap-enso/data/tuned_wide/lstm/lead12_regression/predictions/lstm_lead12_regression_test_predictions.csv,-1.42,-0.48,11,11,SON,SON
2020-12-01,2021-12-01,-1.06,0.30728546,1.3672854,12,regression,lstm_tuned_wide,/work/ext/st12/shap-enso/data/tuned_wide/lstm/lead12_regression,/work/ext/st12/shap-enso/data/tuned_wide/lstm/lead12_regression/predictions/lstm_lead12_regression_test_predictions.csv,-1.15,-0.08999999999999986,12,12,DJF,DJF
2021-01-01,2022-01-01,-0.94,0.084562235,1.0245622,12,regression,lstm_tuned_wide,/work/ext/st12/shap-enso/data/tuned_wide/lstm/lead12_regression,/work/ext/st12/shap-enso/data/tuned_wide/lstm/lead12_regression/predictions/lstm_lead12_regression_test_predictions.csv,-1.0,-0.06000000000000005,1,1,DJF,DJF
2021-02-01,2022-02-01,-0.89,-0.034075953,0.855924,12,regression,lstm_tuned_wide,/work/ext/st12/shap-enso/data/tuned_wide/lstm/lead12_regression,/work/ext/st12/shap-enso/data/tuned_wide/lstm/lead12_regression/predictions/lstm_lead12_regression_test_predictions.csv,-1.0,-0.10999999999999999,2,2,DJF,DJF
2021-03-01,2022-03-01,-0.97,-0.084170684,0.8858293,12,regression,lstm_tuned_wide,/work/ext/st12/shap-enso/data/tuned_wide/lstm/lead12_regression,/work/ext/st12/shap-enso/data/tuned_wide/lstm/lead12_regression/predictions/lstm_lead12_regression_test_predictions.csv,-0.8,0.16999999999999993,3,3,MAM,MAM
2021-04-01,2022-04-01,-1.11,0.033819504,1.1438196,12,regression,lstm_tuned_wide,/work/ext/st12/shap-enso/data/tuned_wide/lstm/lead12_regression,/work/ext/st12/shap-enso/data/tuned_wide/lstm/lead12_regression/predictions/lstm_lead12_regression_test_predictions.csv,-0.72,0.3900000000000001,4,4,MAM,MAM
2021-05-01,2022-05-01,-1.11,0.16922846,1.2792284,12,regression,lstm_tuned_wide,/work/ext/st12/shap-enso/data/tuned_wide/lstm/lead12_regression,/work/ext/st12/shap-enso/data/tuned_wide/lstm/lead12_regression/predictions/lstm_lead12_regression_test_predictions.csv,-0.46,0.6500000000000001,5,5,MAM,MAM
2021-06-01,2022-06-01,-0.75,0.26446286,1.0144628,12,regression,lstm_tuned_wide,/work/ext/st12/shap-enso/data/tuned_wide/lstm/lead12_regression,/work/ext/st12/shap-enso/data/tuned_wide/lstm/lead12_regression/predictions/lstm_lead12_regression_test_predictions.csv,-0.28,0.47,6,6,JJA,JJA
2021-07-01,2022-07-01,-0.69,0.3880228,1.0780228,12,regression,lstm_tuned_wide,/work/ext/st12/shap-enso/data/tuned_wide/lstm/lead12_regression,/work/ext/st12/shap-enso/data/tuned_wide/lstm/lead12_regression/predictions/lstm_lead12_regression_test_predictions.csv,-0.39,0.29999999999999993,7,7,JJA,JJA
2021-08-01,2022-08-01,-0.97,0.42103502,1.3910351,12,regression,lstm_tuned_wide,/work/ext/st12/shap-enso/data/tuned_wide/lstm/lead12_regression,/work/ext/st12/shap-enso/data/tuned_wide/lstm/lead12_regression/predictions/lstm_lead12_regression_test_predictions.csv,-0.53,0.43999999999999995,8,8,JJA,JJA
2021-09-01,2022-09-01,-1.07,0.3868557,1.4568558,12,regression,lstm_tuned_wide,/work/ext/st12/shap-enso/data/tuned_wide/lstm/lead12_regression,/work/ext/st12/shap-enso/data/tuned_wide/lstm/lead12_regression/predictions/lstm_lead12_regression_test_predictions.csv,-0.55,0.52,9,9,SON,SON
2021-10-01,2022-10-01,-0.99,0.31619808,1.3061981,12,regression,lstm_tuned_wide,/work/ext/st12/shap-enso/data/tuned_wide/lstm/lead12_regression,/work/ext/st12/shap-enso/data/tuned_wide/lstm/lead12_regression/predictions/lstm_lead12_regression_test_predictions.csv,-0.94,0.050000000000000044,10,10,SON,SON
2021-11-01,2022-11-01,-0.9,0.17498884,1.0749888,12,regression,lstm_tuned_wide,/work/ext/st12/shap-enso/data/tuned_wide/lstm/lead12_regression,/work/ext/st12/shap-enso/data/tuned_wide/lstm/lead12_regression/predictions/lstm_lead12_regression_test_predictions.csv,-0.94,-0.039999999999999925,11,11,SON,SON
2021-12-01,2022-12-01,-0.85,0.20539427,1.0553943,12,regression,lstm_tuned_wide,/work/ext/st12/shap-enso/data/tuned_wide/lstm/lead12_regression,/work/ext/st12/shap-enso/data/tuned_wide/lstm/lead12_regression/predictions/lstm_lead12_regression_test_predictions.csv,-1.06,-0.21000000000000008,12,12,DJF,DJF
2022-01-01,2023-01-01,-0.72,0.33882105,1.0588211,12,regression,lstm_tuned_wide,/work/ext/st12/shap-enso/data/tuned_wide/lstm/lead12_regression,/work/ext/st12/shap-enso/data/tuned_wide/lstm/lead12_regression/predictions/lstm_lead12_regression_test_predictions.csv,-0.94,-0.21999999999999997,1,1,DJF,DJF
2022-02-01,2023-02-01,-0.46,0.5340607,0.99406075,12,regression,lstm_tuned_wide,/work/ext/st12/shap-enso/data/tuned_wide/lstm/lead12_regression,/work/ext/st12/shap-enso/data/tuned_wide/lstm/lead12_regression/predictions/lstm_lead12_regression_test_predictions.csv,-0.89,-0.43,2,2,DJF,DJF
2022-03-01,2023-03-01,-0.11,0.65697825,0.76697826,12,regression,lstm_tuned_wide,/work/ext/st12/shap-enso/data/tuned_wide/lstm/lead12_regression,/work/ext/st12/shap-enso/data/tuned_wide/lstm/lead12_regression/predictions/lstm_lead12_regression_test_predictions.csv,-0.97,-0.86,3,3,MAM,MAM
2022-04-01,2023-04-01,0.14,0.8467305,0.7067305,12,regression,lstm_tuned_wide,/work/ext/st12/shap-enso/data/tuned_wide/lstm/lead12_regression,/work/ext/st12/shap-enso/data/tuned_wide/lstm/lead12_regression/predictions/lstm_lead12_regression_test_predictions.csv,-1.11,-1.25,4,4,MAM,MAM
2022-05-01,2023-05-01,0.46,0.9238918,0.46389177,12,regression,lstm_tuned_wide,/work/ext/st12/shap-enso/data/tuned_wide/lstm/lead12_regression,/work/ext/st12/shap-enso/data/tuned_wide/lstm/lead12_regression/predictions/lstm_lead12_regression_test_predictions.csv,-1.11,-1.57,5,5,MAM,MAM
2022-06-01,2023-06-01,0.84,0.9992751,0.15927511,12,regression,lstm_tuned_wide,/work/ext/st12/shap-enso/data/tuned_wide/lstm/lead12_regression,/work/ext/st12/shap-enso/data/tuned_wide/lstm/lead12_regression/predictions/lstm_lead12_regression_test_predictions.csv,-0.75,-1.5899999999999999,6,6,JJA,JJA
2022-07-01,2023-07-01,1.02,0.9857054,-0.034294605,12,regression,lstm_tuned_wide,/work/ext/st12/shap-enso/data/tuned_wide/lstm/lead12_regression,/work/ext/st12/shap-enso/data/tuned_wide/lstm/lead12_regression/predictions/lstm_lead12_regression_test_predictions.csv,-0.69,-1.71,7,7,JJA,JJA
2022-08-01,2023-08-01,1.35,0.9275357,-0.4224643,12,regression,lstm_tuned_wide,/work/ext/st12/shap-enso/data/tuned_wide/lstm/lead12_regression,/work/ext/st12/shap-enso/data/tuned_wide/lstm/lead12_regression/predictions/lstm_lead12_regression_test_predictions.csv,-0.97,-2.3200000000000003,8,8,JJA,JJA
2022-09-01,2023-09-01,1.6,0.9965464,-0.60345364,12,regression,lstm_tuned_wide,/work/ext/st12/shap-enso/data/tuned_wide/lstm/lead12_regression,/work/ext/st12/shap-enso/data/tuned_wide/lstm/lead12_regression/predictions/lstm_lead12_regression_test_predictions.csv,-1.07,-2.67,9,9,SON,SON
2022-10-01,2023-10-01,1.72,0.9846467,-0.73535335,12,regression,lstm_tuned_wide,/work/ext/st12/shap-enso/data/tuned_wide/lstm/lead12_regression,/work/ext/st12/shap-enso/data/tuned_wide/lstm/lead12_regression/predictions/lstm_lead12_regression_test_predictions.csv,-0.99,-2.71,10,10,SON,SON
2022-11-01,2023-11-01,2.02,0.91225874,-1.1077412,12,regression,lstm_tuned_wide,/work/ext/st12/shap-enso/data/tuned_wide/lstm/lead12_regression,/work/ext/st12/shap-enso/data/tuned_wide/lstm/lead12_regression/predictions/lstm_lead12_regression_test_predictions.csv,-0.9,-2.92,11,11,SON,SON
2022-12-01,2023-12-01,2.03,0.8485992,-1.1814008,12,regression,lstm_tuned_wide,/work/ext/st12/shap-enso/data/tuned_wide/lstm/lead12_regression,/work/ext/st12/shap-enso/data/tuned_wide/lstm/lead12_regression/predictions/lstm_lead12_regression_test_predictions.csv,-0.85,-2.88,12,12,DJF,DJF
